,Adview
0,1.0
1,1.0
2,4.0
3,58.0
4,15.0
5,1.0
6,1.0
7,1.0
8,2.0
9,5.0
10,14.0
11,1.0
12,3505.0
13,8.0
14,1.0
15,1.0
16,2.0
17,5.0
18,6.0
19,6.0
20,1.0
21,1.0
22,4.0
23,5.0
24,1.0
25,1.0
26,1.0
27,3.0
28,6.0
29,1.0
30,3.0
31,1.0
32,8.0
33,2.0
34,1.0
35,471.0
36,13038.0
37,1.0
38,1.0
39,140.0
40,13.0
41,6.0
42,1.0
43,9.0
44,2.0
45,1.0
46,2.0
47,7.0
48,1.0
49,16.0
50,31229.0
51,2.0
52,1.0
53,2.0
54,1.0
55,1.0
56,6.0
57,1.0
58,1.0
59,1.0
60,27780.0
61,1.0
62,2.0
63,2.0
64,25667.0
65,1.0
66,1.0
67,1.0
68,2.0
69,2.0
70,1.0
71,1.0
72,54.0
73,7.0
74,1.0
75,2.0
76,3.0
77,2.0
78,1.0
79,3.0
80,2.0
81,1.0
82,1.0
83,5.0
84,2.0
85,1.0
86,2.0
87,9.0
88,6.0
89,2.0
90,1.0
91,1.0
92,2.0
93,4.0
94,1.0
95,1.0
96,1.0
97,17.0
98,11.0
99,8.0
100,7.0
101,986.0
102,7.0
103,1.0
104,2.0
105,10997.0
106,1.0
107,7.0
108,1.0
109,2.0
110,2.0
111,3.0
112,2.0
113,6.0
114,1.0
115,32.0
116,4.0
117,1.0
118,1.0
119,4.0
120,11.0
121,1.0
122,2.0
123,25.0
124,5.0
125,4.0
126,11.0
127,2.0
128,1.0
129,1.0
130,1.0
131,2.0
132,1.0
133,2.0
134,4.0
135,8.0
136,12.0
137,3.0
138,2.0
139,1.0
140,11.0
141,1.0
142,1.0
143,1.0
144,1.0
145,1.0
146,1.0
147,2.0
148,1.0
149,2.0
150,2.0
151,8.0
152,20.0
153,4.0
154,1.0
155,40.0
156,65202.0
157,2.0
158,1.0
159,8.0
160,2.0
161,31229.0
162,3.0
163,1.0
164,2.0
165,1.0
166,2.0
167,2.0
168,4.0
169,3.0
170,3.0
171,13.0
172,3.0
173,1.0
174,1.0
175,1.0
176,1.0
177,1.0
178,5.0
179,1.0
180,1.0
181,3.0
182,1.0
183,1.0
184,1.0
185,3.0
186,5.0
187,2.0
188,2.0
189,1.0
190,2.0
191,2.0
192,6175.0
193,1.0
194,1317.0
195,4.0
196,255.0
197,49.0
198,1.0
199,13.0
200,208.0
201,5.0
202,1.0
203,2.0
204,7.0
205,17.0
206,2.0
207,1.0
208,1.0
209,1.0
210,4.0
211,7041.0
212,140.0
213,335.0
214,1.0
215,1.0
216,1.0
217,255.0
218,11.0
219,2.0
220,2.0
221,36.0
222,1.0
223,1.0
224,1.0
225,48.0
226,5.0
227,1.0
228,1.0
229,1.0
230,1.0
231,4.0
232,1.0
233,6.0
234,1.0
235,1.0
236,1.0
237,3.0
238,4460.0
239,1.0
240,2.0
241,1.0
242,1.0
243,1.0
244,1.0
245,14.0
246,18.0
247,17.0
248,1.0
249,23.0
250,1.0
251,8.0
252,1.0
253,1.0
254,1.0
255,1.0
256,20.0
257,1.0
258,1.0
259,1.0
260,17875.0
261,1.0
262,4.0
263,1.0
264,2.0
265,2.0
266,1.0
267,1.0
268,9.0
269,8.0
270,4.0
271,1.0
272,2.0
273,2.0
274,1.0
275,1.0
276,1.0
277,1.0
278,1.0
279,1.0
280,3.0
281,12.0
282,9.0
283,453.0
284,2.0
285,1.0
286,2.0
287,4.0
288,4.0
289,6.0
290,1.0
291,34.0
292,1.0
293,1.0
294,24.0
295,1.0
296,2.0
297,1.0
298,1.0
299,6.0
300,1.0
301,1.0
302,2.0
303,1.0
304,1.0
305,2.0
306,2154.0
307,3.0
308,2.0
309,27.0
310,1.0
311,1.0
312,20.0
313,4.0
314,1.0
315,2.0
316,1181.0
317,4.0
318,2.0
319,1.0
320,11.0
321,1.0
322,1.0
323,1.0
324,1.0
325,46.0
326,1.0
327,1.0
328,6.0
329,4.0
330,1.0
331,1.0
332,1.0
333,1.0
334,14.0
335,26.0
336,1.0
337,35.0
338,24.0
339,1.0
340,3.0
341,1.0
342,1.0
343,2.0
344,1.0
345,1.0
346,64.0
347,5.0
348,1.0
349,1.0
350,1.0
351,1.0
352,1.0
353,2.0
354,1.0
355,2.0
356,2.0
357,3.0
358,1.0
359,1.0
360,1.0
361,6.0
362,1.0
363,8942.0
364,5881.0
365,49.0
366,1.0
367,3.0
368,8.0
369,13.0
370,1.0
371,1.0
372,2.0
373,11.0
374,2.0
375,55.0
376,18.0
377,1.0
378,1.0
379,1.0
380,1.0
381,2.0
382,2210.0
383,3.0
384,31.0
385,7.0
386,2.0
387,1.0
388,1.0
389,8.0
390,7.0
391,3.0
392,2.0
393,1.0
394,2.0
395,1.0
396,1.0
397,3.0
398,59.0
399,2.0
400,4.0
401,4.0
402,10387.0
403,6.0
404,1.0
405,2.0
406,1.0
407,2.0
408,4.0
409,59.0
410,1.0
411,2.0
412,3.0
413,8.0
414,2.0
415,2.0
416,4.0
417,3.0
418,1.0
419,3.0
420,38.0
421,4.0
422,1.0
423,6.0
424,1.0
425,1.0
426,1.0
427,341.0
428,1.0
429,3.0
430,1.0
431,2.0
432,26.0
433,3.0
434,1.0
435,18.0
436,21.0
437,8.0
438,1.0
439,1087.0
440,1.0
441,1.0
442,8.0
443,2.0
444,1.0
445,1.0
446,13.0
447,4.0
448,2.0
449,2.0
450,3.0
451,3218.0
452,1.0
453,3.0
454,18.0
455,1.0
456,1.0
457,1.0
458,4.0
459,2.0
460,1.0
461,1.0
462,2.0
463,3.0
464,1.0
465,2.0
466,1.0
467,4.0
468,1.0
469,5.0
470,2.0
471,57633.0
472,1.0
473,1.0
474,1.0
475,3.0
476,6.0
477,3.0
478,1.0
479,2.0
480,11.0
481,24.0
482,3.0
483,3.0
484,1.0
485,24.0
486,1.0
487,6.0
488,2.0
489,1.0
490,1.0
491,3.0
492,1.0
493,35.0
494,1.0
495,48.0
496,4.0
497,1.0
498,1.0
499,38579.0
500,2.0
501,1.0
502,67.0
503,9.0
504,3.0
505,2.0
506,18.0
507,431.0
508,196173.0
509,2.0
510,1.0
511,1.0
512,2.0
513,1.0
514,4.0
515,1.0
516,1.0
517,1.0
518,8.0
519,1.0
520,2.0
521,308.0
522,1.0
523,1.0
524,15.0
525,1.0
526,1.0
527,5.0
528,8.0
529,1.0
530,2.0
531,1.0
532,1.0
533,426.0
534,140.0
535,6.0
536,1.0
537,4.0
538,2.0
539,1.0
540,249.0
541,9.0
542,1.0
543,8.0
544,5.0
545,5.0
546,2.0
547,14923.0
548,4351.0
549,1.0
550,18.0
551,2.0
552,1.0
553,1998.0
554,1.0
555,3.0
556,2.0
557,1.0
558,1.0
559,1.0
560,1.0
561,2.0
562,7904.0
563,1.0
564,10.0
565,453.0
566,1.0
567,83.0
568,1.0
569,1.0
570,9.0
571,1.0
572,1.0
573,1.0
574,7.0
575,2.0
576,2.0
577,1.0
578,7.0
579,1.0
580,1.0
581,27.0
582,2.0
583,2.0
584,1.0
585,2.0
586,1.0
587,23.0
588,15.0
589,1.0
590,1.0
591,2.0
592,1.0
593,1.0
594,1.0
595,1.0
596,13.0
597,4.0
598,1.0
599,13.0
600,2.0
601,3.0
602,1.0
603,1.0
604,1.0
605,723.0
606,7.0
607,1.0
608,6175.0
609,1.0
610,11.0
611,1.0
612,1.0
613,2.0
614,3.0
615,1.0
616,9.0
617,2.0
618,2.0
619,1.0
620,939.0
621,5.0
622,2.0
623,1.0
624,1.0
625,940.0
626,1.0
627,1.0
628,6.0
629,6020.0
630,2.0
631,1.0
632,2.0
633,2.0
634,17183.0
635,2.0
636,1.0
637,1.0
638,1.0
639,1.0
640,2.0
641,1.0
642,2.0
643,3.0
644,673.0
645,1.0
646,2722.0
647,12.0
648,1.0
649,1.0
650,2.0
651,7.0
652,5.0
653,4.0
654,2.0
655,1.0
656,4.0
657,1.0
658,1.0
659,1.0
660,3.0
661,5.0
662,14.0
663,4.0
664,1.0
665,9.0
666,2.0
667,1.0
668,2.0
669,3.0
670,2.0
671,4.0
672,1.0
673,40.0
674,3.0
675,1531.0
676,4.0
677,13.0
678,2.0
679,41.0
680,1.0
681,2.0
682,1.0
683,13038.0
684,1.0
685,1619.0
686,8.0
687,1.0
688,1.0
689,1.0
690,6.0
691,5.0
692,11.0
693,1.0
694,3.0
695,2.0
696,2.0
697,1.0
698,273.0
699,5.0
700,2.0
701,4.0
702,6.0
703,2.0
704,36.0
705,1.0
706,3.0
707,4.0
708,26.0
709,1.0
710,2.0
711,3.0
712,7904.0
713,1.0
714,2.0
715,1.0
716,1.0
717,583.0
718,1.0
719,1.0
720,34.0
721,1.0
722,1.0
723,4.0
724,2.0
725,2.0
726,2.0
727,13.0
728,18.0
729,8.0
730,9.0
731,2.0
732,2.0
733,1.0
734,6.0
735,1.0
736,2.0
737,1.0
738,1.0
739,1.0
740,1.0
741,16.0
742,1.0
743,1.0
744,1.0
745,3.0
746,1.0
747,4.0
748,8.0
749,1.0
750,1.0
751,58.0
752,1.0
753,1.0
754,2.0
755,3.0
756,79.0
757,1.0
758,304244.0
759,1.0
760,1.0
761,1.0
762,6.0
763,1.0
764,37.0
765,1.0
766,4.0
767,1.0
768,4.0
769,3.0
770,3.0
771,11.0
772,1.0
773,1.0
774,40.0
775,4.0
776,4.0
777,6.0
778,4.0
779,1.0
780,1364.0
781,2.0
782,6.0
783,4.0
784,4.0
785,162.0
786,14.0
787,1.0
788,2.0
789,1.0
790,5.0
791,9.0
792,2.0
793,3.0
794,117.0
795,1.0
796,1.0
797,1.0
798,12.0
799,3.0
800,4.0
801,10.0
802,1.0
803,1.0
804,46.0
805,5.0
806,7.0
807,9.0
808,3.0
809,4.0
810,1.0
811,1.0
812,1.0
813,1.0
814,2.0
815,4.0
816,1.0
817,1.0
818,6.0
819,27.0
820,18.0
821,5.0
822,1.0
823,1.0
824,107.0
825,2.0
826,3.0
827,2.0
828,1.0
829,3.0
830,1.0
831,1.0
832,1.0
833,62.0
834,6.0
835,1.0
836,1.0
837,5.0
838,14.0
839,1.0
840,2.0
841,6.0
842,3.0
843,3.0
844,1.0
845,272.0
846,1.0
847,11.0
848,1.0
849,12.0
850,4.0
851,4.0
852,55.0
853,1.0
854,2.0
855,1.0
856,8.0
857,876.0
858,1.0
859,1.0
860,1.0
861,1.0
862,72.0
863,1506.0
864,33.0
865,4.0
866,5.0
867,1.0
868,2.0
869,1.0
870,138.0
871,308.0
872,1.0
873,1.0
874,2.0
875,2.0
876,1.0
877,5.0
878,5.0
879,7.0
880,1.0
881,1.0
882,1.0
883,13.0
884,1.0
885,2.0
886,1.0
887,1.0
888,3.0
889,1.0
890,1.0
891,1.0
892,3.0
893,1.0
894,17.0
895,4.0
896,2.0
897,2.0
898,3.0
899,1.0
900,1.0
901,73.0
902,1.0
903,2.0
904,4.0
905,1.0
906,3.0
907,1.0
908,1.0
909,20.0
910,1.0
911,3.0
912,1.0
913,2.0
914,3.0
915,1.0
916,2.0
917,1.0
918,6.0
919,1.0
920,1576.0
921,3.0
922,3.0
923,1.0
924,6.0
925,1.0
926,1.0
927,80.0
928,1.0
929,1.0
930,2.0
931,1.0
932,1.0
933,272.0
934,1.0
935,4.0
936,10.0
937,2.0
938,3.0
939,1.0
940,1.0
941,5.0
942,3507.0
943,3.0
944,1.0
945,2.0
946,20.0
947,1.0
948,4.0
949,1.0
950,5.0
951,1.0
952,1.0
953,1.0
954,1.0
955,19.0
956,1.0
957,1.0
958,8.0
959,1.0
960,1.0
961,1.0
962,14.0
963,1.0
964,1.0
965,1.0
966,1.0
967,9.0
968,2.0
969,1.0
970,1.0
971,1.0
972,2.0
973,7.0
974,38.0
975,8.0
976,2.0
977,1.0
978,14863.0
979,3.0
980,3.0
981,1.0
982,2.0
983,21.0
984,1.0
985,8.0
986,1.0
987,1.0
988,1.0
989,2.0
990,32097.0
991,2.0
992,2.0
993,1.0
994,1.0
995,28.0
996,1.0
997,9334.0
998,1.0
999,36.0
1000,2.0
1001,21127.0
1002,1.0
1003,2.0
1004,1.0
1005,6.0
1006,1.0
1007,1.0
1008,4.0
1009,2.0
1010,4.0
1011,1.0
1012,4.0
1013,124.0
1014,1.0
1015,18.0
1016,4.0
1017,6.0
1018,21.0
1019,31229.0
1020,1.0
1021,6.0
1022,23.0
1023,1.0
1024,1.0
1025,1.0
1026,3.0
1027,1.0
1028,361.0
1029,3773.0
1030,36.0
1031,107.0
1032,6.0
1033,1.0
1034,1.0
1035,2.0
1036,2.0
1037,2.0
1038,1.0
1039,2.0
1040,1.0
1041,2.0
1042,1.0
1043,3571.0
1044,1.0
1045,1.0
1046,5.0
1047,2.0
1048,1.0
1049,5.0
1050,3.0
1051,5.0
1052,2.0
1053,2.0
1054,182.0
1055,1.0
1056,2.0
1057,1.0
1058,5.0
1059,2.0
1060,2.0
1061,2.0
1062,7.0
1063,2.0
1064,7249.0
1065,4.0
1066,2.0
1067,1.0
1068,7.0
1069,7.0
1070,1.0
1071,1.0
1072,9.0
1073,9.0
1074,3.0
1075,1.0
1076,1.0
1077,7.0
1078,4.0
1079,1.0
1080,1.0
1081,4.0
1082,1.0
1083,4.0
1084,138.0
1085,1.0
1086,1.0
1087,1.0
1088,2.0
1089,16.0
1090,2.0
1091,3.0
1092,1.0
1093,1.0
1094,5.0
1095,2.0
1096,6.0
1097,1.0
1098,1.0
1099,1.0
1100,9.0
1101,3.0
1102,1.0
1103,2.0
1104,50.0
1105,1.0
1106,3.0
1107,1.0
1108,207712.0
1109,11.0
1110,5.0
1111,1.0
1112,13.0
1113,3.0
1114,1.0
1115,1.0
1116,5.0
1117,6.0
1118,2909.0
1119,37895.0
1120,1.0
1121,218.0
1122,2.0
1123,1.0
1124,1.0
1125,1.0
1126,2.0
1127,3.0
1128,1.0
1129,19.0
1130,1.0
1131,20.0
1132,2.0
1133,1.0
1134,5.0
1135,1.0
1136,1.0
1137,1.0
1138,4.0
1139,4.0
1140,1.0
1141,24.0
1142,15.0
1143,1.0
1144,1.0
1145,1.0
1146,1.0
1147,6.0
1148,1.0
1149,33035.0
1150,4.0
1151,2.0
1152,1.0
1153,8.0
1154,1.0
1155,1.0
1156,1.0
1157,6.0
1158,1.0
1159,15.0
1160,1.0
1161,1.0
1162,1.0
1163,1.0
1164,2.0
1165,4.0
1166,1.0
1167,41.0
1168,1.0
1169,1.0
1170,1.0
1171,33.0
1172,1.0
1173,43.0
1174,12.0
1175,1.0
1176,2.0
1177,25.0
1178,1.0
1179,3.0
1180,2.0
1181,1.0
1182,2.0
1183,2.0
1184,1.0
1185,2.0
1186,3.0
1187,6.0
1188,1.0
1189,2.0
1190,6465.0
1191,249.0
1192,10.0
1193,19.0
1194,10.0
1195,4.0
1196,3.0
1197,7.0
1198,3.0
1199,7904.0
1200,1.0
1201,1.0
1202,2.0
1203,4.0
1204,7.0
1205,2.0
1206,322.0
1207,1.0
1208,4.0
1209,1.0
1210,335.0
1211,1.0
1212,3.0
1213,2.0
1214,9.0
1215,1.0
1216,4.0
1217,1.0
1218,1.0
1219,1.0
1220,1.0
1221,3.0
1222,1.0
1223,1.0
1224,4.0
1225,5.0
1226,2.0
1227,10.0
1228,1.0
1229,1.0
1230,3.0
1231,1.0
1232,44.0
1233,1.0
1234,1998.0
1235,1.0
1236,3.0
1237,3.0
1238,5247.0
1239,1.0
1240,6.0
1241,3.0
1242,1.0
1243,17.0
1244,1.0
1245,3.0
1246,1.0
1247,1.0
1248,4.0
1249,1.0
1250,56432.0
1251,19.0
1252,1.0
1253,4.0
1254,1.0
1255,11.0
1256,3.0
1257,6.0
1258,1.0
1259,1.0
1260,31.0
1261,1.0
1262,4.0
1263,2.0
1264,3.0
1265,1.0
1266,2.0
1267,1.0
1268,35.0
1269,18.0
1270,5.0
1271,51.0
1272,4.0
1273,1.0
1274,1.0
1275,2.0
1276,1.0
1277,1.0
1278,802.0
1279,12.0
1280,1.0
1281,4.0
1282,3.0
1283,1.0
1284,2.0
1285,15.0
1286,1.0
1287,2.0
1288,4.0
1289,8.0
1290,129343.0
1291,49.0
1292,1.0
1293,10.0
1294,1.0
1295,2.0
1296,2.0
1297,1.0
1298,1.0
1299,6497.0
1300,1.0
1301,2.0
1302,7.0
1303,10746.0
1304,2.0
1305,21.0
1306,2.0
1307,35.0
1308,38.0
1309,25.0
1310,13.0
1311,1.0
1312,18.0
1313,3.0
1314,1.0
1315,19.0
1316,3.0
1317,1.0
1318,1.0
1319,1.0
1320,1.0
1321,2.0
1322,1.0
1323,9.0
1324,1.0
1325,3.0
1326,1.0
1327,4.0
1328,2.0
1329,6465.0
1330,3.0
1331,1.0
1332,1.0
1333,21.0
1334,3.0
1335,2.0
1336,1.0
1337,3.0
1338,1.0
1339,3.0
1340,1.0
1341,20.0
1342,10.0
1343,2.0
1344,1.0
1345,1.0
1346,1.0
1347,1.0
1348,1.0
1349,1.0
1350,3.0
1351,14.0
1352,22.0
1353,54.0
1354,13.0
1355,123.0
1356,1.0
1357,10.0
1358,1.0
1359,3.0
1360,2.0
1361,1.0
1362,1.0
1363,2.0
1364,1.0
1365,1.0
1366,4.0
1367,1.0
1368,3.0
1369,1.0
1370,1.0
1371,1.0
1372,1.0
1373,2.0
1374,37.0
1375,4.0
1376,5.0
1377,4.0
1378,3.0
1379,1.0
1380,6.0
1381,15.0
1382,1.0
1383,7309.0
1384,2.0
1385,1.0
1386,1.0
1387,5.0
1388,3.0
1389,2.0
1390,1.0
1391,2.0
1392,4.0
1393,1.0
1394,1.0
1395,38.0
1396,1.0
1397,1.0
1398,1.0
1399,2.0
1400,1734.0
1401,10.0
1402,4.0
1403,2.0
1404,135.0
1405,1.0
1406,9.0
1407,1.0
1408,1.0
1409,7905.0
1410,1.0
1411,1.0
1412,2.0
1413,1.0
1414,3.0
1415,5.0
1416,1.0
1417,5.0
1418,6.0
1419,5.0
1420,3.0
1421,20.0
1422,1.0
1423,442.0
1424,2.0
1425,2.0
1426,1.0
1427,1.0
1428,1986.0
1429,4.0
1430,1.0
1431,35.0
1432,1.0
1433,3.0
1434,31.0
1435,1.0
1436,1.0
1437,12.0
1438,1.0
1439,1.0
1440,1.0
1441,16.0
1442,8.0
1443,1.0
1444,9.0
1445,2.0
1446,1.0
1447,2.0
1448,1.0
1449,2.0
1450,46.0
1451,4757.0
1452,1.0
1453,1.0
1454,1.0
1455,1.0
1456,1.0
1457,1.0
1458,5.0
1459,61277.0
1460,2.0
1461,6.0
1462,16.0
1463,3.0
1464,1.0
1465,367.0
1466,5408.0
1467,2.0
1468,2.0
1469,2.0
1470,1.0
1471,1.0
1472,1.0
1473,1.0
1474,74.0
1475,2.0
1476,3.0
1477,1583846.0
1478,1.0
1479,1.0
1480,4.0
1481,18.0
1482,8.0
1483,1.0
1484,4.0
1485,1.0
1486,5.0
1487,30.0
1488,1.0
1489,6.0
1490,1.0
1491,6.0
1492,2.0
1493,13.0
1494,1.0
1495,1.0
1496,1.0
1497,30.0
1498,1.0
1499,12.0
1500,338.0
1501,1.0
1502,1.0
1503,1.0
1504,1.0
1505,1.0
1506,106.0
1507,7904.0
1508,1.0
1509,22.0
1510,1.0
1511,1.0
1512,20.0
1513,3.0
1514,3.0
1515,8.0
1516,2.0
1517,6.0
1518,1.0
1519,4.0
1520,5.0
1521,1.0
1522,1.0
1523,11.0
1524,16903.0
1525,1.0
1526,2.0
1527,2.0
1528,2.0
1529,2.0
1530,1.0
1531,92.0
1532,4.0
1533,396.0
1534,1.0
1535,2.0
1536,1.0
1537,1.0
1538,9.0
1539,1.0
1540,11.0
1541,8.0
1542,4.0
1543,19171.0
1544,2.0
1545,45707.0
1546,2.0
1547,2.0
1548,1.0
1549,1.0
1550,27.0
1551,1.0
1552,1.0
1553,2.0
1554,1.0
1555,4005.0
1556,3.0
1557,3.0
1558,426.0
1559,13038.0
1560,1.0
1561,3.0
1562,1.0
1563,25.0
1564,1.0
1565,1.0
1566,26.0
1567,1.0
1568,1.0
1569,3.0
1570,2.0
1571,1.0
1572,50.0
1573,6.0
1574,1.0
1575,1.0
1576,1.0
1577,1.0
1578,1.0
1579,34.0
1580,2.0
1581,2.0
1582,2.0
1583,1.0
1584,1.0
1585,1.0
1586,1.0
1587,1.0
1588,13038.0
1589,1.0
1590,24.0
1591,1.0
1592,1.0
1593,2.0
1594,2.0
1595,3.0
1596,3.0
1597,14.0
1598,1.0
1599,4.0
1600,1.0
1601,2.0
1602,14.0
1603,1.0
1604,4.0
1605,2.0
1606,4.0
1607,1.0
1608,2.0
1609,1.0
1610,1.0
1611,7.0
1612,10488.0
1613,1.0
1614,2.0
1615,1.0
1616,1.0
1617,17.0
1618,2.0
1619,88.0
1620,1.0
1621,1.0
1622,4.0
1623,4.0
1624,2.0
1625,2.0
1626,3.0
1627,1.0
1628,9478.0
1629,3.0
1630,4.0
1631,2.0
1632,1.0
1633,1.0
1634,4022.0
1635,1.0
1636,2.0
1637,1.0
1638,359.0
1639,8.0
1640,4.0
1641,203.0
1642,1.0
1643,1780.0
1644,4.0
1645,14.0
1646,2.0
1647,1.0
1648,1.0
1649,1.0
1650,1.0
1651,2.0
1652,1.0
1653,16.0
1654,10.0
1655,7.0
1656,6.0
1657,1.0
1658,2.0
1659,10.0
1660,8.0
1661,2.0
1662,1.0
1663,83.0
1664,9537.0
1665,1.0
1666,4.0
1667,50.0
1668,1.0
1669,2.0
1670,1.0
1671,2.0
1672,1.0
1673,2.0
1674,4.0
1675,1.0
1676,3.0
1677,24.0
1678,1.0
1679,1.0
1680,12.0
1681,2.0
1682,11.0
1683,1.0
1684,5.0
1685,3.0
1686,4.0
1687,1.0
1688,1.0
1689,1.0
1690,33.0
1691,1.0
1692,1.0
1693,2.0
1694,1.0
1695,2.0
1696,1.0
1697,1.0
1698,1.0
1699,1.0
1700,1.0
1701,2.0
1702,1.0
1703,1.0
1704,2.0
1705,10.0
1706,1.0
1707,18.0
1708,1.0
1709,4.0
1710,115.0
1711,5.0
1712,1.0
1713,4.0
1714,10.0
1715,8.0
1716,3.0
1717,7.0
1718,14.0
1719,1.0
1720,7.0
1721,2.0
1722,4.0
1723,46.0
1724,1.0
1725,2.0
1726,4.0
1727,1.0
1728,1.0
1729,2.0
1730,742.0
1731,1.0
1732,1.0
1733,3.0
1734,2.0
1735,3.0
1736,7.0
1737,1.0
1738,2.0
1739,31.0
1740,9.0
1741,1.0
1742,7.0
1743,9.0
1744,1.0
1745,2.0
1746,1.0
1747,1.0
1748,2.0
1749,1.0
1750,5.0
1751,27.0
1752,127.0
1753,3.0
1754,2.0
1755,1.0
1756,1.0
1757,1.0
1758,1.0
1759,1.0
1760,1.0
1761,2.0
1762,3.0
1763,1.0
1764,24.0
1765,49.0
1766,2.0
1767,12987.0
1768,1.0
1769,1.0
1770,1.0
1771,79.0
1772,3.0
1773,7.0
1774,1.0
1775,1.0
1776,5.0
1777,6.0
1778,1.0
1779,1.0
1780,1.0
1781,2.0
1782,13.0
1783,21.0
1784,3.0
1785,1.0
1786,1.0
1787,1.0
1788,9.0
1789,1.0
1790,1.0
1791,1.0
1792,1.0
1793,6.0
1794,13.0
1795,2.0
1796,3.0
1797,1.0
1798,1.0
1799,68.0
1800,4.0
1801,6.0
1802,1.0
1803,1.0
1804,1.0
1805,14.0
1806,84.0
1807,1.0
1808,2.0
1809,1.0
1810,12.0
1811,1.0
1812,2.0
1813,2.0
1814,4.0
1815,364.0
1816,3.0
1817,6.0
1818,1.0
1819,5.0
1820,273.0
1821,2.0
1822,1.0
1823,5.0
1824,4.0
1825,2.0
1826,4.0
1827,1.0
1828,1.0
1829,8.0
1830,13.0
1831,11.0
1832,11.0
1833,1.0
1834,2.0
1835,26.0
1836,8612.0
1837,4.0
1838,1.0
1839,10746.0
1840,1.0
1841,1.0
1842,1.0
1843,2.0
1844,1.0
1845,18.0
1846,1.0
1847,7678.0
1848,1.0
1849,38.0
1850,1.0
1851,1.0
1852,3.0
1853,11.0
1854,1.0
1855,1.0
1856,3.0
1857,24.0
1858,1.0
1859,1.0
1860,124.0
1861,144.0
1862,2.0
1863,1619.0
1864,21.0
1865,2.0
1866,4.0
1867,14.0
1868,1.0
1869,6.0
1870,5.0
1871,4.0
1872,1.0
1873,1.0
1874,49.0
1875,20.0
1876,37.0
1877,171.0
1878,2.0
1879,14.0
1880,4.0
1881,2.0
1882,2.0
1883,2.0
1884,1.0
1885,3.0
1886,107.0
1887,1.0
1888,1.0
1889,921.0
1890,2.0
1891,4.0
1892,1.0
1893,1.0
1894,1.0
1895,4.0
1896,862.0
1897,2.0
1898,1.0
1899,3.0
1900,1.0
1901,1.0
1902,1.0
1903,10.0
1904,1.0
1905,24.0
1906,2.0
1907,1.0
1908,4.0
1909,44.0
1910,1.0
1911,1.0
1912,1.0
1913,255.0
1914,1.0
1915,3.0
1916,1.0
1917,1.0
1918,1.0
1919,2.0
1920,1.0
1921,4.0
1922,1.0
1923,9.0
1924,78.0
1925,5.0
1926,1.0
1927,1.0
1928,2.0
1929,22.0
1930,1.0
1931,1.0
1932,2.0
1933,1.0
1934,41047.0
1935,2.0
1936,3.0
1937,662.0
1938,1.0
1939,3.0
1940,21127.0
1941,98.0
1942,1.0
1943,1.0
1944,2.0
1945,26.0
1946,1.0
1947,1.0
1948,1.0
1949,2.0
1950,1.0
1951,4.0
1952,2.0
1953,3.0
1954,1.0
1955,6175.0
1956,1.0
1957,1.0
1958,2279.0
1959,18.0
1960,1.0
1961,1.0
1962,5.0
1963,28.0
1964,2.0
1965,1.0
1966,1.0
1967,34.0
1968,2.0
1969,2.0
1970,1.0
1971,7.0
1972,1.0
1973,3.0
1974,1.0
1975,3.0
1976,5.0
1977,1.0
1978,1.0
1979,1.0
1980,2154.0
1981,1.0
1982,3.0
1983,5663.0
1984,1294.0
1985,1.0
1986,1.0
1987,1.0
1988,2.0
1989,74.0
1990,6.0
1991,1.0
1992,1.0
1993,2.0
1994,3.0
1995,3.0
1996,12249.0
1997,6.0
1998,1.0
1999,5.0
2000,1.0
2001,32099.0
2002,1.0
2003,1.0
2004,1.0
2005,1.0
2006,1.0
2007,3.0
2008,3.0
2009,1.0
2010,2.0
2011,2.0
2012,10.0
2013,1.0
2014,10997.0
2015,3.0
2016,2.0
2017,2154.0
2018,1.0
2019,6.0
2020,1.0
2021,4.0
2022,78.0
2023,1.0
2024,1.0
2025,182.0
2026,1.0
2027,1.0
2028,262.0
2029,1.0
2030,47659.0
2031,1.0
2032,2.0
2033,3.0
2034,15.0
2035,1.0
2036,1.0
2037,3.0
2038,1.0
2039,2.0
2040,1.0
2041,2.0
2042,1.0
2043,1.0
2044,1.0
2045,6.0
2046,1.0
2047,2.0
2048,2.0
2049,1.0
2050,4.0
2051,1.0
2052,1.0
2053,3.0
2054,1.0
2055,1.0
2056,176.0
2057,1.0
2058,4.0
2059,1.0
2060,1.0
2061,2.0
2062,1.0
2063,1.0
2064,8.0
2065,3.0
2066,1.0
2067,2.0
2068,1.0
2069,24.0
2070,372.0
2071,107.0
2072,1.0
2073,442.0
2074,5.0
2075,1.0
2076,2.0
2077,453.0
2078,5.0
2079,1.0
2080,1.0
2081,1.0
2082,2.0
2083,8.0
2084,6.0
2085,10.0
2086,2.0
2087,1.0
2088,1.0
2089,1.0
2090,1.0
2091,7.0
2092,1.0
2093,5.0
2094,1.0
2095,526.0
2096,1.0
2097,2.0
2098,4.0
2099,1.0
2100,1.0
2101,2.0
2102,1.0
2103,1.0
2104,35.0
2105,1.0
2106,1.0
2107,4.0
2108,3.0
2109,2.0
2110,2.0
2111,3.0
2112,1.0
2113,1.0
2114,4.0
2115,13.0
2116,7904.0
2117,4.0
2118,6.0
2119,1.0
2120,1.0
2121,2.0
2122,1.0
2123,3.0
2124,2.0
2125,10.0
2126,6.0
2127,2.0
2128,2.0
2129,10.0
2130,1.0
2131,1.0
2132,92955.0
2133,3105.0
2134,1.0
2135,2.0
2136,1.0
2137,5.0
2138,14.0
2139,108.0
2140,1.0
2141,1.0
2142,1.0
2143,1.0
2144,29.0
2145,17.0
2146,1.0
2147,3.0
2148,176.0
2149,3.0
2150,1.0
2151,4.0
2152,10997.0
2153,13038.0
2154,11.0
2155,1.0
2156,1.0
2157,5.0
2158,3.0
2159,38.0
2160,2.0
2161,5.0
2162,1.0
2163,7.0
2164,2.0
2165,1.0
2166,17.0
2167,1.0
2168,2.0
2169,1.0
2170,6.0
2171,2.0
2172,1.0
2173,2.0
2174,3.0
2175,68.0
2176,12.0
2177,2.0
2178,249.0
2179,1.0
2180,1.0
2181,9.0
2182,37895.0
2183,1.0
2184,22.0
2185,385.0
2186,1.0
2187,133.0
2188,74.0
2189,4.0
2190,1.0
2191,107.0
2192,1.0
2193,21.0
2194,1.0
2195,1.0
2196,1.0
2197,66.0
2198,1.0
2199,1.0
2200,2.0
2201,33168.0
2202,2.0
2203,2.0
2204,2.0
2205,1.0
2206,36.0
2207,1.0
2208,1.0
2209,4.0
2210,2.0
2211,1.0
2212,1.0
2213,1.0
2214,1.0
2215,50.0
2216,3.0
2217,3.0
2218,1.0
2219,17.0
2220,1.0
2221,1.0
2222,2.0
2223,54.0
2224,1.0
2225,7.0
2226,1.0
2227,1.0
2228,26.0
2229,1.0
2230,11.0
2231,3.0
2232,1.0
2233,4.0
2234,322.0
2235,5.0
2236,2.0
2237,1.0
2238,5.0
2239,1.0
2240,8.0
2241,60733.0
2242,2.0
2243,1.0
2244,1.0
2245,3.0
2246,2.0
2247,2.0
2248,1.0
2249,50.0
2250,9.0
2251,1.0
2252,1.0
2253,1.0
2254,1.0
2255,13.0
2256,17.0
2257,1.0
2258,2.0
2259,1.0
2260,2.0
2261,6.0
2262,1.0
2263,2.0
2264,36.0
2265,23.0
2266,3.0
2267,1.0
2268,110.0
2269,25.0
2270,1.0
2271,1.0
2272,3.0
2273,40.0
2274,6.0
2275,1.0
2276,2.0
2277,6.0
2278,1.0
2279,6.0
2280,1.0
2281,2.0
2282,5.0
2283,6.0
2284,162.0
2285,37.0
2286,1.0
2287,2.0
2288,1.0
2289,8165.0
2290,1.0
2291,1.0
2292,3.0
2293,2.0
2294,5.0
2295,1.0
2296,2.0
2297,7.0
2298,4.0
2299,10.0
2300,5590.0
2301,1.0
2302,2.0
2303,1.0
2304,2.0
2305,50.0
2306,64825.0
2307,1.0
2308,1.0
2309,1.0
2310,4.0
2311,6.0
2312,2.0
2313,2.0
2314,1.0
2315,4.0
2316,1.0
2317,1.0
2318,1.0
2319,3.0
2320,2.0
2321,1.0
2322,1.0
2323,1.0
2324,2.0
2325,1.0
2326,2.0
2327,1.0
2328,26.0
2329,3.0
2330,2.0
2331,1.0
2332,1.0
2333,1.0
2334,1.0
2335,1.0
2336,2.0
2337,2.0
2338,2.0
2339,1.0
2340,1.0
2341,1.0
2342,1.0
2343,2.0
2344,1.0
2345,1164.0
2346,4.0
2347,1.0
2348,57633.0
2349,1.0
2350,1.0
2351,1.0
2352,19.0
2353,2.0
2354,10.0
2355,1.0
2356,6.0
2357,2.0
2358,1.0
2359,2.0
2360,3.0
2361,124.0
2362,4.0
2363,1.0
2364,4.0
2365,176.0
2366,122.0
2367,2.0
2368,7.0
2369,1.0
2370,1.0
2371,15.0
2372,2.0
2373,6.0
2374,771.0
2375,1.0
2376,1.0
2377,1.0
2378,5247.0
2379,3.0
2380,11.0
2381,1.0
2382,1.0
2383,7.0
2384,45.0
2385,1.0
2386,1.0
2387,361.0
2388,74.0
2389,7.0
2390,1.0
2391,2.0
2392,10.0
2393,1.0
2394,1.0
2395,1.0
2396,3.0
2397,3.0
2398,10.0
2399,2.0
2400,25.0
2401,1.0
2402,69.0
2403,1.0
2404,1.0
2405,3.0
2406,4.0
2407,2.0
2408,5.0
2409,2.0
2410,2.0
2411,2.0
2412,33.0
2413,1.0
2414,2.0
2415,7.0
2416,4.0
2417,7.0
2418,42.0
2419,2.0
2420,1.0
2421,5.0
2422,1.0
2423,1.0
2424,3.0
2425,3.0
2426,2.0
2427,3.0
2428,2.0
2429,8.0
2430,1.0
2431,1.0
2432,2.0
2433,1.0
2434,1.0
2435,21.0
2436,1.0
2437,7.0
2438,9724.0
2439,2.0
2440,4.0
2441,1.0
2442,4.0
2443,2.0
2444,28.0
2445,1.0
2446,2.0
2447,2.0
2448,1.0
2449,5.0
2450,1.0
2451,1.0
2452,6.0
2453,4.0
2454,1.0
2455,2.0
2456,8.0
2457,1.0
2458,25.0
2459,4.0
2460,12.0
2461,1.0
2462,2.0
2463,1.0
2464,1.0
2465,1.0
2466,1.0
2467,19.0
2468,1.0
2469,2.0
2470,1.0
2471,8.0
2472,1.0
2473,1.0
2474,354.0
2475,1.0
2476,4.0
2477,5687.0
2478,16.0
2479,23.0
2480,1.0
2481,1.0
2482,23.0
2483,2.0
2484,1.0
2485,50.0
2486,4.0
2487,1.0
2488,2.0
2489,1.0
2490,5.0
2491,9.0
2492,1.0
2493,385.0
2494,1.0
2495,1.0
2496,3.0
2497,182.0
2498,3.0
2499,14.0
2500,2.0
2501,2.0
2502,3.0
2503,2.0
2504,1.0
2505,3.0
2506,5.0
2507,1.0
2508,1.0
2509,7.0
2510,1.0
2511,65.0
2512,2.0
2513,1.0
2514,1.0
2515,2.0
2516,2.0
2517,2.0
2518,1.0
2519,1.0
2520,5.0
2521,7.0
2522,55663.0
2523,2.0
2524,2.0
2525,1.0
2526,1.0
2527,1.0
2528,1.0
2529,1.0
2530,30.0
2531,11.0
2532,1.0
2533,2.0
2534,2.0
2535,1.0
2536,2.0
2537,1.0
2538,34.0
2539,25.0
2540,9.0
2541,1.0
2542,1.0
2543,1.0
2544,1.0
2545,1.0
2546,4.0
2547,3.0
2548,3.0
2549,1.0
2550,17.0
2551,4.0
2552,18.0
2553,1.0
2554,4.0
2555,1.0
2556,3.0
2557,1.0
2558,8.0
2559,4.0
2560,3.0
2561,3.0
2562,1.0
2563,7.0
2564,5.0
2565,2.0
2566,3.0
2567,16.0
2568,2.0
2569,1.0
2570,2.0
2571,1.0
2572,1.0
2573,2.0
2574,1.0
2575,1.0
2576,3.0
2577,3.0
2578,1.0
2579,1.0
2580,8.0
2581,1.0
2582,1.0
2583,1.0
2584,2.0
2585,9.0
2586,1.0
2587,1.0
2588,2.0
2589,2.0
2590,2.0
2591,2.0
2592,1.0
2593,2.0
2594,2.0
2595,4.0
2596,1.0
2597,2.0
2598,10.0
2599,3.0
2600,3.0
2601,125.0
2602,4.0
2603,1.0
2604,2.0
2605,1.0
2606,10746.0
2607,3.0
2608,8.0
2609,1.0
2610,23.0
2611,4.0
2612,6175.0
2613,48639.0
2614,1.0
2615,7.0
2616,1.0
2617,51.0
2618,3.0
2619,7.0
2620,7.0
2621,6167.0
2622,1.0
2623,313.0
2624,4.0
2625,3.0
2626,8859.0
2627,2.0
2628,1.0
2629,5931.0
2630,1.0
2631,2.0
2632,1.0
2633,1.0
2634,1.0
2635,3.0
2636,1.0
2637,1.0
2638,10.0
2639,1.0
2640,4.0
2641,1.0
2642,1.0
2643,1.0
2644,1.0
2645,2.0
2646,1.0
2647,1.0
2648,4.0
2649,6.0
2650,4.0
2651,1.0
2652,1.0
2653,2.0
2654,3.0
2655,4.0
2656,1.0
2657,10.0
2658,14.0
2659,2.0
2660,5.0
2661,5.0
2662,1.0
2663,227.0
2664,1.0
2665,2.0
2666,2.0
2667,3.0
2668,1.0
2669,227.0
2670,22.0
2671,1.0
2672,1.0
2673,3.0
2674,1.0
2675,2.0
2676,8.0
2677,2.0
2678,1.0
2679,1.0
2680,1.0
2681,21.0
2682,2.0
2683,4.0
2684,1.0
2685,1.0
2686,4.0
2687,2.0
2688,1.0
2689,1.0
2690,49.0
2691,7904.0
2692,14.0
2693,3.0
2694,6.0
2695,1.0
2696,124.0
2697,36.0
2698,1.0
2699,3.0
2700,1.0
2701,3.0
2702,2.0
2703,1.0
2704,481.0
2705,3.0
2706,6.0
2707,18.0
2708,1.0
2709,5548.0
2710,2.0
2711,1.0
2712,4011.0
2713,1.0
2714,2.0
2715,17.0
2716,3.0
2717,2.0
2718,1.0
2719,1.0
2720,3.0
2721,1.0
2722,9.0
2723,4.0
2724,1.0
2725,1.0
2726,1.0
2727,2.0
2728,2.0
2729,2.0
2730,40.0
2731,1.0
2732,107.0
2733,1.0
2734,1.0
2735,1.0
2736,1.0
2737,1.0
2738,21.0
2739,2.0
2740,2.0
2741,5.0
2742,3.0
2743,36.0
2744,1.0
2745,1.0
2746,2.0
2747,1.0
2748,1.0
2749,1.0
2750,1.0
2751,27.0
2752,2.0
2753,1.0
2754,15.0
2755,1.0
2756,10511.0
2757,1.0
2758,1.0
2759,2.0
2760,1.0
2761,61277.0
2762,1.0
2763,8.0
2764,3.0
2765,1.0
2766,1.0
2767,1.0
2768,581.0
2769,4.0
2770,1.0
2771,5548.0
2772,5.0
2773,3.0
2774,1.0
2775,44.0
2776,2.0
2777,25.0
2778,11954.0
2779,1.0
2780,1.0
2781,1.0
2782,2.0
2783,1.0
2784,2.0
2785,2.0
2786,1.0
2787,1.0
2788,726.0
2789,3.0
2790,6.0
2791,1.0
2792,3.0
2793,1.0
2794,1.0
2795,1.0
2796,2.0
2797,1.0
2798,2.0
2799,40.0
2800,1.0
2801,4.0
2802,55.0
2803,7678.0
2804,2.0
2805,1.0
2806,12.0
2807,2.0
2808,2.0
2809,1.0
2810,1.0
2811,1.0
2812,2.0
2813,5.0
2814,1.0
2815,2.0
2816,1.0
2817,2.0
2818,1.0
2819,67540.0
2820,1.0
2821,3.0
2822,3.0
2823,11.0
2824,1.0
2825,2.0
2826,1.0
2827,1.0
2828,27.0
2829,1.0
2830,7.0
2831,2.0
2832,162.0
2833,16.0
2834,1.0
2835,10.0
2836,1.0
2837,1.0
2838,1.0
2839,3.0
2840,6.0
2841,4.0
2842,2469.0
2843,1.0
2844,13.0
2845,5.0
2846,3218.0
2847,2.0
2848,1.0
2849,2.0
2850,1.0
2851,13.0
2852,3.0
2853,2.0
2854,7905.0
2855,2.0
2856,11.0
2857,8.0
2858,1.0
2859,35894.0
2860,4.0
2861,1.0
2862,1.0
2863,2.0
2864,4.0
2865,50.0
2866,2.0
2867,837.0
2868,7905.0
2869,1.0
2870,442.0
2871,4.0
2872,1.0
2873,4.0
2874,2.0
2875,2.0
2876,10.0
2877,1.0
2878,1.0
2879,1.0
2880,1.0
2881,1.0
2882,1.0
2883,2.0
2884,1.0
2885,1.0
2886,5.0
2887,11.0
2888,1.0
2889,1.0
2890,1.0
2891,1.0
2892,6550.0
2893,11.0
2894,10.0
2895,1.0
2896,3.0
2897,2.0
2898,1.0
2899,1.0
2900,1.0
2901,1506.0
2902,1.0
2903,1.0
2904,1.0
2905,2.0
2906,3786.0
2907,2.0
2908,1.0
2909,1.0
2910,1.0
2911,1.0
2912,4.0
2913,3.0
2914,4.0
2915,2045.0
2916,3.0
2917,18.0
2918,1.0
2919,18.0
2920,8.0
2921,5.0
2922,4460.0
2923,1.0
2924,3.0
2925,9.0
2926,1.0
2927,1.0
2928,1.0
2929,1.0
2930,2.0
2931,1.0
2932,2.0
2933,2.0
2934,3.0
2935,3.0
2936,196.0
2937,1.0
2938,120.0
2939,10.0
2940,1.0
2941,1.0
2942,12.0
2943,21.0
2944,1.0
2945,2.0
2946,2.0
2947,2.0
2948,9.0
2949,2.0
2950,3.0
2951,4.0
2952,2.0
2953,7.0
2954,79.0
2955,5.0
2956,4.0
2957,1.0
2958,1.0
2959,1.0
2960,1.0
2961,3.0
2962,2.0
2963,9.0
2964,9.0
2965,1.0
2966,1195.0
2967,4.0
2968,3.0
2969,1.0
2970,2.0
2971,3.0
2972,4.0
2973,50.0
2974,5.0
2975,13.0
2976,1.0
2977,17.0
2978,1.0
2979,1.0
2980,8.0
2981,3.0
2982,1.0
2983,1.0
2984,1.0
2985,64.0
2986,1.0
2987,2.0
2988,4.0
2989,1.0
2990,7.0
2991,1.0
2992,3.0
2993,3720.0
2994,3.0
2995,14.0
2996,1.0
2997,10.0
2998,23.0
2999,1.0
3000,1.0
3001,4.0
3002,3.0
3003,2.0
3004,5548.0
3005,20.0
3006,1.0
3007,6.0
3008,1.0
3009,1.0
3010,140.0
3011,7.0
3012,1.0
3013,1.0
3014,25.0
3015,4.0
3016,14.0
3017,1.0
3018,1.0
3019,1.0
3020,1.0
3021,2.0
3022,32.0
3023,1.0
3024,1.0
3025,4.0
3026,1.0
3027,5.0
3028,2.0
3029,1.0
3030,1.0
3031,1.0
3032,47306.0
3033,1.0
3034,46.0
3035,2.0
3036,1.0
3037,11.0
3038,1.0
3039,1.0
3040,208.0
3041,1.0
3042,1.0
3043,1.0
3044,6.0
3045,1.0
3046,6.0
3047,4.0
3048,8.0
3049,1.0
3050,175.0
3051,1.0
3052,2.0
3053,2.0
3054,1.0
3055,6.0
3056,10.0
3057,1.0
3058,4.0
3059,5.0
3060,1.0
3061,2.0
3062,7.0
3063,249.0
3064,1.0
3065,1.0
3066,1897.0
3067,1.0
3068,25.0
3069,1.0
3070,1.0
3071,13.0
3072,10.0
3073,2.0
3074,4.0
3075,4.0
3076,9.0
3077,10.0
3078,1.0
3079,1.0
3080,6.0
3081,2.0
3082,11.0
3083,2.0
3084,9.0
3085,2.0
3086,2.0
3087,1.0
3088,3.0
3089,26.0
3090,1.0
3091,5.0
3092,1907.0
3093,18.0
3094,1.0
3095,5949.0
3096,4.0
3097,2.0
3098,3.0
3099,12.0
3100,2.0
3101,6.0
3102,1.0
3103,2.0
3104,2.0
3105,4.0
3106,9.0
3107,3102.0
3108,1.0
3109,257.0
3110,581.0
3111,6.0
3112,8.0
3113,1271.0
3114,21.0
3115,58.0
3116,2.0
3117,1.0
3118,1.0
3119,2.0
3120,3.0
3121,1.0
3122,1.0
3123,561.0
3124,5.0
3125,1.0
3126,2.0
3127,1.0
3128,1.0
3129,1.0
3130,28.0
3131,19.0
3132,2.0
3133,4.0
3134,1.0
3135,1.0
3136,4.0
3137,1.0
3138,1.0
3139,7.0
3140,55.0
3141,2.0
3142,1.0
3143,3.0
3144,1.0
3145,3.0
3146,11.0
3147,2.0
3148,1.0
3149,1.0
3150,1.0
3151,2.0
3152,1.0
3153,17.0
3154,19.0
3155,2.0
3156,1.0
3157,1.0
3158,4.0
3159,3.0
3160,35.0
3161,10.0
3162,5.0
3163,46.0
3164,3.0
3165,21.0
3166,2.0
3167,1.0
3168,1.0
3169,1.0
3170,4.0
3171,1.0
3172,2.0
3173,2.0
3174,1.0
3175,107.0
3176,1.0
3177,1.0
3178,4.0
3179,2.0
3180,1.0
3181,1.0
3182,1.0
3183,2020.0
3184,3.0
3185,1.0
3186,3.0
3187,1.0
3188,1.0
3189,1.0
3190,17.0
3191,1.0
3192,224.0
3193,1.0
3194,1.0
3195,10746.0
3196,1.0
3197,1.0
3198,1.0
3199,2.0
3200,1.0
3201,3.0
3202,1.0
3203,1.0
3204,5.0
3205,4.0
3206,1.0
3207,1.0
3208,1.0
3209,47659.0
3210,1.0
3211,2.0
3212,1.0
3213,2.0
3214,4.0
3215,50.0
3216,3.0
3217,200.0
3218,2.0
3219,1.0
3220,1.0
3221,3.0
3222,1.0
3223,1.0
3224,158.0
3225,6985.0
3226,3.0
3227,1.0
3228,1.0
3229,3.0
3230,7.0
3231,2.0
3232,1.0
3233,1.0
3234,1.0
3235,2.0
3236,4.0
3237,1.0
3238,1.0
3239,3.0
3240,1.0
3241,1.0
3242,1.0
3243,1462.0
3244,10.0
3245,1.0
3246,8.0
3247,2.0
3248,10.0
3249,1.0
3250,1.0
3251,28656.0
3252,20947.0
3253,1.0
3254,1.0
3255,8207.0
3256,4011.0
3257,1.0
3258,2.0
3259,2.0
3260,1.0
3261,4.0
3262,14.0
3263,1.0
3264,2.0
3265,2.0
3266,1.0
3267,8.0
3268,1.0
3269,1.0
3270,1.0
3271,2.0
3272,1.0
3273,1.0
3274,1.0
3275,7904.0
3276,1.0
3277,1.0
3278,1.0
3279,6.0
3280,25.0
3281,1.0
3282,1.0
3283,6.0
3284,3.0
3285,4.0
3286,1.0
3287,2.0
3288,2.0
3289,1.0
3290,1.0
3291,1.0
3292,1.0
3293,8.0
3294,2.0
3295,41.0
3296,1.0
3297,1.0
3298,1.0
3299,3.0
3300,1.0
3301,2.0
3302,62.0
3303,1.0
3304,1.0
3305,3.0
3306,1.0
3307,6.0
3308,3.0
3309,1.0
3310,20874.0
3311,2.0
3312,1531.0
3313,1.0
3314,7.0
3315,1.0
3316,1.0
3317,2.0
3318,3.0
3319,5.0
3320,1.0
3321,18.0
3322,8.0
3323,1.0
3324,4.0
3325,1.0
3326,1.0
3327,2.0
3328,125.0
3329,1.0
3330,2.0
3331,1.0
3332,3.0
3333,2.0
3334,1.0
3335,3.0
3336,1.0
3337,1.0
3338,1.0
3339,1.0
3340,1.0
3341,13038.0
3342,1.0
3343,2.0
3344,1.0
3345,5.0
3346,27.0
3347,20.0
3348,683.0
3349,5.0
3350,1.0
3351,2.0
3352,4.0
3353,2.0
3354,6167.0
3355,18.0
3356,1.0
3357,11.0
3358,1.0
3359,1540.0
3360,439.0
3361,1.0
3362,15.0
3363,1.0
3364,36.0
3365,1.0
3366,182.0
3367,2.0
3368,3.0
3369,14997.0
3370,2.0
3371,5962.0
3372,1.0
3373,55.0
3374,1.0
3375,1.0
3376,1.0
3377,1.0
3378,1.0
3379,4.0
3380,6.0
3381,276.0
3382,1.0
3383,1.0
3384,7.0
3385,3.0
3386,1.0
3387,1.0
3388,21.0
3389,7904.0
3390,11.0
3391,1.0
3392,1.0
3393,2.0
3394,1.0
3395,19306.0
3396,2.0
3397,2.0
3398,1.0
3399,9.0
3400,37.0
3401,3.0
3402,8.0
3403,17.0
3404,2.0
3405,2.0
3406,4.0
3407,2.0
3408,1.0
3409,2.0
3410,10.0
3411,2.0
3412,145.0
3413,5.0
3414,2.0
3415,1.0
3416,5.0
3417,4.0
3418,1.0
3419,101.0
3420,1.0
3421,2.0
3422,41047.0
3423,1.0
3424,1.0
3425,4.0
3426,3.0
3427,1.0
3428,9.0
3429,1.0
3430,1754.0
3431,2.0
3432,771.0
3433,3.0
3434,1.0
3435,9.0
3436,1.0
3437,18.0
3438,14350.0
3439,1833.0
3440,1.0
3441,23.0
3442,5.0
3443,1.0
3444,1.0
3445,1.0
3446,1.0
3447,9.0
3448,1.0
3449,122.0
3450,1.0
3451,180.0
3452,7.0
3453,372.0
3454,79.0
3455,1.0
3456,4022.0
3457,1.0
3458,2.0
3459,1.0
3460,1.0
3461,365.0
3462,2.0
3463,7.0
3464,1.0
3465,16.0
3466,1.0
3467,1.0
3468,2.0
3469,23.0
3470,5.0
3471,2.0
3472,1.0
3473,2.0
3474,1.0
3475,2.0
3476,2.0
3477,10.0
3478,1.0
3479,1.0
3480,2.0
3481,1583846.0
3482,2.0
3483,1.0
3484,1.0
3485,2.0
3486,2.0
3487,1.0
3488,2.0
3489,1.0
3490,2.0
3491,1.0
3492,1.0
3493,1.0
3494,10.0
3495,3.0
3496,8.0
3497,1.0
3498,5684.0
3499,5.0
3500,1.0
3501,1.0
3502,4.0
3503,3.0
3504,2.0
3505,1.0
3506,1.0
3507,1.0
3508,526.0
3509,579.0
3510,1.0
3511,1.0
3512,1.0
3513,1.0
3514,2.0
3515,2.0
3516,1.0
3517,1.0
3518,2.0
3519,1.0
3520,1.0
3521,4.0
3522,1.0
3523,1.0
3524,1.0
3525,40.0
3526,4.0
3527,1.0
3528,3.0
3529,2.0
3530,4.0
3531,2.0
3532,2.0
3533,1.0
3534,2.0
3535,2.0
3536,1.0
3537,1.0
3538,2.0
3539,1.0
3540,367.0
3541,7678.0
3542,3.0
3543,1.0
3544,1.0
3545,36.0
3546,1.0
3547,453.0
3548,2.0
3549,1531.0
3550,1.0
3551,228.0
3552,13.0
3553,4.0
3554,46.0
3555,1.0
3556,17.0
3557,1.0
3558,7.0
3559,1.0
3560,1.0
3561,1.0
3562,1.0
3563,9.0
3564,4.0
3565,5.0
3566,1.0
3567,16.0
3568,7.0
3569,1.0
3570,1.0
3571,1.0
3572,1.0
3573,2.0
3574,213.0
3575,10.0
3576,1.0
3577,7.0
3578,33168.0
3579,2722.0
3580,1.0
3581,20.0
3582,6.0
3583,2.0
3584,6.0
3585,11.0
3586,2.0
3587,7.0
3588,1.0
3589,2.0
3590,48.0
3591,2.0
3592,1.0
3593,1.0
3594,4.0
3595,1.0
3596,1.0
3597,4.0
3598,1.0
3599,471.0
3600,1.0
3601,2.0
3602,2.0
3603,4.0
3604,1.0
3605,26.0
3606,9.0
3607,1.0
3608,1.0
3609,1.0
3610,1.0
3611,55.0
3612,3.0
3613,1.0
3614,2.0
3615,1.0
3616,1.0
3617,2.0
3618,1.0
3619,4.0
3620,2.0
3621,1.0
3622,20.0
3623,742.0
3624,3.0
3625,1.0
3626,28.0
3627,15.0
3628,1.0
3629,17.0
3630,111.0
3631,1.0
3632,2.0
3633,1.0
3634,1.0
3635,6.0
3636,1.0
3637,1.0
3638,11.0
3639,8.0
3640,2.0
3641,3.0
3642,2.0
3643,2.0
3644,5.0
3645,1.0
3646,4.0
3647,6.0
3648,2.0
3649,1.0
3650,1.0
3651,6.0
3652,1.0
3653,2.0
3654,1.0
3655,1.0
3656,1.0
3657,308.0
3658,17.0
3659,2.0
3660,145.0
3661,2.0
3662,3.0
3663,5.0
3664,3.0
3665,55.0
3666,3.0
3667,5.0
3668,6.0
3669,16.0
3670,1.0
3671,439.0
3672,7.0
3673,1.0
3674,1.0
3675,1.0
3676,7.0
3677,1.0
3678,4.0
3679,1.0
3680,63.0
3681,2.0
3682,1.0
3683,3.0
3684,2.0
3685,5.0
3686,7.0
3687,273.0
3688,25.0
3689,785.0
3690,1.0
3691,2.0
3692,5.0
3693,581.0
3694,6.0
3695,1.0
3696,2.0
3697,2.0
3698,1.0
3699,7.0
3700,2.0
3701,2.0
3702,13.0
3703,90.0
3704,1.0
3705,8.0
3706,1.0
3707,2.0
3708,8.0
3709,4.0
3710,4.0
3711,1.0
3712,1.0
3713,1.0
3714,5.0
3715,1.0
3716,7.0
3717,2.0
3718,14.0
3719,1.0
3720,2.0
3721,4.0
3722,3.0
3723,1.0
3724,3.0
3725,1.0
3726,1.0
3727,1.0
3728,55.0
3729,1.0
3730,1.0
3731,1.0
3732,1.0
3733,1.0
3734,5.0
3735,2.0
3736,8859.0
3737,30.0
3738,1.0
3739,3.0
3740,1.0
3741,3.0
3742,3.0
3743,12142.0
3744,224.0
3745,1.0
3746,1.0
3747,1.0
3748,8612.0
3749,1.0
3750,6.0
3751,3.0
3752,1.0
3753,2.0
3754,1.0
3755,2.0
3756,2.0
3757,53.0
3758,1.0
3759,1.0
3760,1.0
3761,54.0
3762,2.0
3763,338.0
3764,1.0
3765,6.0
3766,5.0
3767,11.0
3768,1.0
3769,4.0
3770,15.0
3771,2.0
3772,162.0
3773,1.0
3774,1.0
3775,1.0
3776,5.0
3777,9933.0
3778,1.0
3779,30.0
3780,1.0
3781,1.0
3782,1.0
3783,2.0
3784,1.0
3785,10.0
3786,2.0
3787,30.0
3788,2.0
3789,1.0
3790,1.0
3791,2.0
3792,1.0
3793,1.0
3794,3.0
3795,2.0
3796,1.0
3797,1.0
3798,2.0
3799,1.0
3800,1.0
3801,249.0
3802,86.0
3803,2.0
3804,1.0
3805,2.0
3806,8.0
3807,38.0
3808,144.0
3809,55.0
3810,1.0
3811,3.0
3812,1.0
3813,1.0
3814,16.0
3815,13.0
3816,1.0
3817,1.0
3818,1.0
3819,1.0
3820,1.0
3821,8.0
3822,2.0
3823,4.0
3824,1.0
3825,2.0
3826,4.0
3827,41.0
3828,2.0
3829,3.0
3830,1.0
3831,1.0
3832,3.0
3833,1.0
3834,1.0
3835,1.0
3836,1.0
3837,1.0
3838,1.0
3839,1.0
3840,1.0
3841,2.0
3842,2.0
3843,8.0
3844,2.0
3845,1.0
3846,1.0
3847,1.0
3848,1.0
3849,8.0
3850,1.0
3851,3.0
3852,6.0
3853,1.0
3854,5.0
3855,31.0
3856,1.0
3857,1.0
3858,3.0
3859,4.0
3860,1.0
3861,87.0
3862,680.0
3863,27.0
3864,1.0
3865,2.0
3866,4.0
3867,1.0
3868,2.0
3869,1.0
3870,3.0
3871,3.0
3872,1.0
3873,2.0
3874,1.0
3875,7249.0
3876,1.0
3877,10.0
3878,2.0
3879,1.0
3880,4.0
3881,2.0
3882,1.0
3883,1.0
3884,1.0
3885,1.0
3886,2.0
3887,2.0
3888,10997.0
3889,3218.0
3890,2441.0
3891,1.0
3892,5590.0
3893,1.0
3894,3.0
3895,1.0
3896,1.0
3897,21.0
3898,3.0
3899,1.0
3900,2.0
3901,1.0
3902,1.0
3903,4757.0
3904,3.0
3905,1.0
3906,7.0
3907,1.0
3908,2.0
3909,2.0
3910,9.0
3911,3.0
3912,1.0
3913,2.0
3914,6.0
3915,1.0
3916,3.0
3917,2.0
3918,2.0
3919,4.0
3920,1.0
3921,2.0
3922,1.0
3923,1.0
3924,18.0
3925,7.0
3926,2.0
3927,2.0
3928,8.0
3929,1.0
3930,1.0
3931,1.0
3932,2.0
3933,2.0
3934,57633.0
3935,1.0
3936,1.0
3937,2.0
3938,1.0
3939,1.0
3940,4.0
3941,1.0
3942,7.0
3943,1.0
3944,4.0
3945,2.0
3946,224.0
3947,42.0
3948,1.0
3949,3.0
3950,1.0
3951,3.0
3952,1.0
3953,1.0
3954,1.0
3955,3.0
3956,2.0
3957,1.0
3958,2.0
3959,1.0
3960,2.0
3961,1.0
3962,9.0
3963,1.0
3964,1.0
3965,6.0
3966,3218.0
3967,1.0
3968,3.0
3969,5.0
3970,55663.0
3971,3.0
3972,2.0
3973,1.0
3974,4.0
3975,2.0
3976,4.0
3977,2.0
3978,2.0
3979,5.0
3980,1.0
3981,17.0
3982,1185.0
3983,1.0
3984,50.0
3985,1.0
3986,123.0
3987,3.0
3988,2.0
3989,1.0
3990,3.0
3991,2.0
3992,1.0
3993,385.0
3994,2.0
3995,113.0
3996,442.0
3997,1.0
3998,1.0
3999,1.0
4000,2.0
4001,1.0
4002,3.0
4003,2.0
4004,1.0
4005,4.0
4006,1.0
4007,1.0
4008,182.0
4009,2.0
4010,1.0
4011,3.0
4012,1.0
4013,1.0
4014,1.0
4015,6.0
4016,17.0
4017,31.0
4018,1.0
4019,4.0
4020,8612.0
4021,7.0
4022,4.0
4023,2.0
4024,5.0
4025,11.0
4026,9.0
4027,10.0
4028,2.0
4029,1.0
4030,5.0
4031,1.0
4032,5.0
4033,1.0
4034,1.0
4035,5.0
4036,8.0
4037,1.0
4038,23.0
4039,2.0
4040,3.0
4041,1.0
4042,1.0
4043,1.0
4044,1.0
4045,2.0
4046,1.0
4047,1.0
4048,1.0
4049,48.0
4050,2.0
4051,1.0
4052,1.0
4053,2.0
4054,2.0
4055,1.0
4056,13.0
4057,4.0
4058,2.0
4059,1.0
4060,1.0
4061,120.0
4062,10.0
4063,1.0
4064,1.0
4065,1.0
4066,1.0
4067,1.0
4068,1.0
4069,15.0
4070,3.0
4071,3.0
4072,1.0
4073,2.0
4074,1.0
4075,1.0
4076,3.0
4077,3.0
4078,2.0
4079,1.0
4080,1.0
4081,1.0
4082,14.0
4083,1.0
4084,12.0
4085,7.0
4086,1.0
4087,1.0
4088,1.0
4089,1.0
4090,5.0
4091,26.0
4092,1.0
4093,3.0
4094,921.0
4095,1.0
4096,2.0
4097,1.0
4098,1.0
4099,1.0
4100,1.0
4101,1.0
4102,2.0
4103,7904.0
4104,1.0
4105,4.0
4106,6.0
4107,1.0
4108,1.0
4109,2.0
4110,4.0
4111,5.0
4112,1.0
4113,1.0
4114,6.0
4115,2.0
4116,1.0
4117,3.0
4118,1.0
4119,1.0
4120,3.0
4121,1.0
4122,5.0
4123,23.0
4124,1.0
4125,5.0
4126,42.0
4127,3.0
4128,2.0
4129,3.0
4130,1.0
4131,1.0
4132,2.0
4133,13.0
4134,1.0
4135,49.0
4136,31.0
4137,1.0
4138,1.0
4139,9.0
4140,8.0
4141,1.0
4142,7.0
4143,1.0
4144,7.0
4145,2.0
4146,1.0
4147,1.0
4148,6.0
4149,1.0
4150,2.0
4151,3.0
4152,8.0
4153,20.0
4154,3095.0
4155,1.0
4156,1.0
4157,1.0
4158,55.0
4159,1.0
4160,4.0
4161,2.0
4162,61277.0
4163,1.0
4164,1.0
4165,7.0
4166,1364.0
4167,1.0
4168,1.0
4169,6.0
4170,14.0
4171,5.0
4172,3.0
4173,5.0
4174,3.0
4175,5.0
4176,1.0
4177,5.0
4178,1.0
4179,11.0
4180,8942.0
4181,4.0
4182,12.0
4183,6.0
4184,1.0
4185,1.0
4186,1531.0
4187,1.0
4188,1.0
4189,1.0
4190,1.0
4191,1.0
4192,12.0
4193,13.0
4194,1.0
4195,2.0
4196,1.0
4197,2.0
4198,1.0
4199,1.0
4200,2.0
4201,4.0
4202,1.0
4203,2.0
4204,4.0
4205,2.0
4206,228.0
4207,1.0
4208,16.0
4209,1.0
4210,1.0
4211,1.0
4212,1.0
4213,1.0
4214,1.0
4215,1.0
4216,2.0
4217,7.0
4218,107.0
4219,1.0
4220,1.0
4221,1.0
4222,16299.0
4223,25.0
4224,3.0
4225,1.0
4226,4.0
4227,2.0
4228,2.0
4229,1.0
4230,1.0
4231,3.0
4232,4.0
4233,1.0
4234,2.0
4235,1.0
4236,3.0
4237,1.0
4238,2.0
4239,1.0
4240,6.0
4241,2.0
4242,1.0
4243,1.0
4244,5.0
4245,9.0
4246,3.0
4247,2.0
4248,2.0
4249,17.0
4250,1.0
4251,14923.0
4252,3.0
4253,1.0
4254,10.0
4255,1.0
4256,1.0
4257,1.0
4258,4.0
4259,2.0
4260,2.0
4261,7.0
4262,2.0
4263,3.0
4264,1.0
4265,1.0
4266,1.0
4267,6.0
4268,3.0
4269,21375.0
4270,2.0
4271,4.0
4272,1.0
4273,1.0
4274,2.0
4275,1.0
4276,1.0
4277,1.0
4278,1.0
4279,1.0
4280,5.0
4281,1195.0
4282,6.0
4283,2.0
4284,1.0
4285,1.0
4286,4.0
4287,4.0
4288,3.0
4289,14.0
4290,1.0
4291,1.0
4292,1.0
4293,1.0
4294,1.0
4295,1.0
4296,2.0
4297,1897.0
4298,1.0
4299,1.0
4300,1.0
4301,1.0
4302,2.0
4303,1.0
4304,2.0
4305,182.0
4306,1.0
4307,1.0
4308,23.0
4309,7678.0
4310,3.0
4311,2.0
4312,1.0
4313,5.0
4314,4008.0
4315,2.0
4316,1.0
4317,1.0
4318,3.0
4319,1271.0
4320,1.0
4321,1.0
4322,1.0
4323,3.0
4324,4.0
4325,2.0
4326,2.0
4327,1.0
4328,1.0
4329,11.0
4330,3.0
4331,1.0
4332,4.0
4333,1.0
4334,4.0
4335,6.0
4336,1.0
4337,1.0
4338,23.0
4339,150.0
4340,13.0
4341,4.0
4342,13.0
4343,1.0
4344,18.0
4345,1.0
4346,1.0
4347,1.0
4348,2.0
4349,24.0
4350,1.0
4351,1.0
4352,1.0
4353,1.0
4354,17.0
4355,3.0
4356,5.0
4357,3.0
4358,1.0
4359,4.0
4360,1.0
4361,1.0
4362,4.0
4363,2.0
4364,2.0
4365,18.0
4366,2.0
4367,4.0
4368,1.0
4369,1.0
4370,2.0
4371,130.0
4372,1.0
4373,1.0
4374,4.0
4375,1.0
4376,6.0
4377,4.0
4378,1.0
4379,2.0
4380,2.0
4381,4.0
4382,14.0
4383,3.0
4384,17.0
4385,6.0
4386,1.0
4387,1.0
4388,2.0
4389,1.0
4390,2.0
4391,1.0
4392,4.0
4393,1.0
4394,3.0
4395,3.0
4396,1.0
4397,18.0
4398,1.0
4399,36.0
4400,1.0
4401,1.0
4402,187010.0
4403,1.0
4404,2.0
4405,27.0
4406,1.0
4407,1540.0
4408,8.0
4409,1.0
4410,2.0
4411,1.0
4412,1.0
4413,1.0
4414,1.0
4415,1.0
4416,17.0
4417,1.0
4418,2.0
4419,44.0
4420,1.0
4421,2.0
4422,4.0
4423,2.0
4424,8.0
4425,7.0
4426,1.0
4427,1.0
4428,4.0
4429,3.0
4430,1.0
4431,1.0
4432,1.0
4433,1.0
4434,1.0
4435,1.0
4436,1.0
4437,2.0
4438,1.0
4439,4.0
4440,1.0
4441,5.0
4442,2.0
4443,2707.0
4444,2.0
4445,11.0
4446,10.0
4447,4.0
4448,1.0
4449,1.0
4450,57.0
4451,1.0
4452,3.0
4453,1.0
4454,4.0
4455,1.0
4456,249.0
4457,1.0
4458,1.0
4459,213.0
4460,2.0
4461,7.0
4462,493.0
4463,4126.0
4464,9.0
4465,1.0
4466,35.0
4467,2.0
4468,1.0
4469,1.0
4470,3.0
4471,1.0
4472,1.0
4473,2.0
4474,2.0
4475,1.0
4476,1.0
4477,367.0
4478,1.0
4479,2.0
4480,182.0
4481,5.0
4482,2.0
4483,1.0
4484,1.0
4485,1.0
4486,1.0
4487,2707.0
4488,439.0
4489,16.0
4490,1.0
4491,2.0
4492,1.0
4493,10.0
4494,4.0
4495,1.0
4496,5.0
4497,68.0
4498,8.0
4499,1.0
4500,3.0
4501,162.0
4502,1.0
4503,262.0
4504,16.0
4505,1.0
4506,1.0
4507,620.0
4508,4.0
4509,1.0
4510,3.0
4511,1.0
4512,7.0
4513,4.0
4514,5.0
4515,1.0
4516,3.0
4517,3.0
4518,1.0
4519,9801.0
4520,1.0
4521,1.0
4522,22.0
4523,8.0
4524,1.0
4525,14.0
4526,46.0
4527,1.0
4528,5.0
4529,1.0
4530,1.0
4531,2.0
4532,1.0
4533,1.0
4534,2.0
4535,6.0
4536,7.0
4537,10.0
4538,4.0
4539,1.0
4540,427809.0
4541,1.0
4542,6.0
4543,1.0
4544,1.0
4545,1.0
4546,1.0
4547,4.0
4548,2.0
4549,134.0
4550,1.0
4551,2.0
4552,2.0
4553,2.0
4554,196.0
4555,2.0
4556,1.0
4557,135.0
4558,7.0
4559,466253.0
4560,2.0
4561,1.0
4562,4.0
4563,74.0
4564,36.0
4565,1.0
4566,5.0
4567,1.0
4568,11.0
4569,3.0
4570,1.0
4571,1.0
4572,1.0
4573,7.0
4574,1.0
4575,1.0
4576,2.0
4577,1.0
4578,1.0
4579,8.0
4580,4.0
4581,1.0
4582,1.0
4583,5.0
4584,7.0
4585,1.0
4586,1.0
4587,1.0
4588,7.0
4589,13038.0
4590,2.0
4591,6.0
4592,30.0
4593,1.0
4594,1.0
4595,1.0
4596,1.0
4597,1.0
4598,1.0
4599,2.0
4600,2.0
4601,1.0
4602,176421.0
4603,7.0
4604,1.0
4605,45.0
4606,1.0
4607,1.0
4608,12.0
4609,1.0
4610,2.0
4611,1.0
4612,11.0
4613,3.0
4614,1.0
4615,11.0
4616,2.0
4617,10.0
4618,5.0
4619,1.0
4620,17.0
4621,15.0
4622,385.0
4623,10.0
4624,1.0
4625,1.0
4626,4351.0
4627,1.0
4628,2.0
4629,17.0
4630,2.0
4631,1.0
4632,1.0
4633,1.0
4634,55.0
4635,1.0
4636,1.0
4637,1.0
4638,12.0
4639,1.0
4640,8.0
4641,2.0
4642,20947.0
4643,1.0
4644,11.0
4645,3.0
4646,5.0
4647,9.0
4648,1.0
4649,7.0
4650,8.0
4651,8.0
4652,1.0
4653,7.0
4654,986.0
4655,2.0
4656,6.0
4657,9.0
4658,101.0
4659,1.0
4660,1.0
4661,4.0
4662,3.0
4663,4.0
4664,1.0
4665,1.0
4666,1.0
4667,1200.0
4668,1.0
4669,1.0
4670,802.0
4671,1.0
4672,7.0
4673,1.0
4674,1.0
4675,1.0
4676,239.0
4677,1.0
4678,2.0
4679,2.0
4680,6.0
4681,2.0
4682,18.0
4683,2.0
4684,1.0
4685,21.0
4686,1.0
4687,3.0
4688,1.0
4689,1.0
4690,1.0
4691,2.0
4692,1.0
4693,305.0
4694,3.0
4695,1.0
4696,2.0
4697,4.0
4698,3.0
4699,8.0
4700,2.0
4701,38579.0
4702,3.0
4703,2965.0
4704,13.0
4705,2.0
4706,1.0
4707,6.0
4708,5.0
4709,1.0
4710,2.0
4711,2.0
4712,1.0
4713,1.0
4714,1.0
4715,1.0
4716,55.0
4717,1.0
4718,2.0
4719,50.0
4720,8.0
4721,1.0
4722,3.0
4723,1.0
4724,1.0
4725,21.0
4726,1.0
4727,4.0
4728,1.0
4729,1.0
4730,1.0
4731,1.0
4732,5.0
4733,1.0
4734,2.0
4735,1.0
4736,1.0
4737,1.0
4738,13.0
4739,2.0
4740,1.0
4741,4.0
4742,1.0
4743,1.0
4744,1.0
4745,4.0
4746,6.0
4747,1.0
4748,2.0
4749,1.0
4750,8.0
4751,3.0
4752,8.0
4753,1.0
4754,4.0
4755,2.0
4756,8.0
4757,2.0
4758,2.0
4759,4.0
4760,1.0
4761,4.0
4762,1.0
4763,4.0
4764,1.0
4765,3.0
4766,6.0
4767,1.0
4768,3.0
4769,2154.0
4770,33.0
4771,3.0
4772,1176.0
4773,1.0
4774,1.0
4775,7.0
4776,4.0
4777,3.0
4778,3.0
4779,3.0
4780,1.0
4781,2.0
4782,1.0
4783,2.0
4784,1.0
4785,1.0
4786,3.0
4787,2.0
4788,3.0
4789,2.0
4790,27066.0
4791,1.0
4792,4.0
4793,10.0
4794,1.0
4795,1.0
4796,2287.0
4797,2.0
4798,21.0
4799,1.0
4800,38.0
4801,7.0
4802,3.0
4803,30.0
4804,5.0
4805,1.0
4806,359.0
4807,15.0
4808,1.0
4809,2.0
4810,4.0
4811,6.0
4812,2.0
4813,2.0
4814,1.0
4815,1.0
4816,11.0
4817,1.0
4818,1.0
4819,5.0
4820,1.0
4821,4.0
4822,1.0
4823,3571.0
4824,3.0
4825,4460.0
4826,1.0
4827,1.0
4828,1.0
4829,38579.0
4830,1.0
4831,3.0
4832,1.0
4833,12.0
4834,4.0
4835,1.0
4836,2.0
4837,1.0
4838,6.0
4839,1.0
4840,2.0
4841,2.0
4842,1.0
4843,1.0
4844,1.0
4845,4.0
4846,2.0
4847,1.0
4848,1.0
4849,1.0
4850,11.0
4851,32461.0
4852,27.0
4853,9.0
4854,1.0
4855,1.0
4856,2.0
4857,1.0
4858,2.0
4859,1.0
4860,2.0
4861,1.0
4862,1.0
4863,16299.0
4864,1.0
4865,68.0
4866,1.0
4867,1.0
4868,7.0
4869,1.0
4870,44.0
4871,2.0
4872,7.0
4873,1.0
4874,17.0
4875,1.0
4876,3.0
4877,97.0
4878,1.0
4879,1.0
4880,1.0
4881,1.0
4882,2.0
4883,1.0
4884,2.0
4885,3.0
4886,3.0
4887,1.0
4888,1.0
4889,1.0
4890,8.0
4891,1.0
4892,7.0
4893,68.0
4894,1.0
4895,1.0
4896,200.0
4897,1.0
4898,5.0
4899,1.0
4900,13227.0
4901,1.0
4902,6.0
4903,290.0
4904,1195.0
4905,1.0
4906,1.0
4907,191.0
4908,1.0
4909,6.0
4910,6.0
4911,1.0
4912,921.0
4913,1.0
4914,5.0
4915,3.0
4916,21.0
4917,1.0
4918,1.0
4919,2.0
4920,2.0
4921,6.0
4922,57.0
4923,1.0
4924,1.0
4925,2.0
4926,4.0
4927,2.0
4928,1.0
4929,1.0
4930,2.0
4931,16.0
4932,4.0
4933,4.0
4934,1.0
4935,1.0
4936,5.0
4937,2.0
4938,6.0
4939,5684.0
4940,1.0
4941,4.0
4942,1.0
4943,1.0
4944,1.0
4945,2.0
4946,742.0
4947,1.0
4948,1.0
4949,3.0
4950,2.0
4951,1.0
4952,1.0
4953,2.0
4954,2.0
4955,2.0
4956,2.0
4957,118185.0
4958,1.0
4959,36.0
4960,4.0
4961,3.0
4962,1.0
4963,1.0
4964,4.0
4965,18.0
4966,1.0
4967,1.0
4968,11.0
4969,2.0
4970,2.0
4971,1.0
4972,2.0
4973,26.0
4974,2.0
4975,1.0
4976,1.0
4977,1.0
4978,2.0
4979,86.0
4980,1.0
4981,4.0
4982,1.0
4983,68.0
4984,4.0
4985,5.0
4986,1.0
4987,1.0
4988,1.0
4989,44.0
4990,42.0
4991,2.0
4992,2.0
4993,5.0
4994,1.0
4995,1.0
4996,1.0
4997,3.0
4998,1.0
4999,1.0
5000,1.0
5001,1.0
5002,55.0
5003,1.0
5004,308.0
5005,1.0
5006,1.0
5007,3.0
5008,7.0
5009,7.0
5010,273.0
5011,1.0
5012,36.0
5013,2.0
5014,12.0
5015,1.0
5016,2.0
5017,3.0
5018,2.0
5019,5762.0
5020,11.0
5021,5.0
5022,4.0
5023,1.0
5024,1.0
5025,2.0
5026,14.0
5027,44.0
5028,2.0
5029,1.0
5030,1.0
5031,1.0
5032,1.0
5033,1.0
5034,1.0
5035,4.0
5036,5.0
5037,1.0
5038,21.0
5039,17.0
5040,1.0
5041,7.0
5042,1.0
5043,1.0
5044,4.0
5045,2.0
5046,4.0
5047,372.0
5048,2.0
5049,3.0
5050,1.0
5051,6.0
5052,7.0
5053,34.0
5054,15.0
5055,2.0
5056,3.0
5057,1.0
5058,2.0
5059,3.0
5060,1.0
5061,1.0
5062,31229.0
5063,1.0
5064,1.0
5065,1.0
5066,1.0
5067,8.0
5068,1.0
5069,1.0
5070,12.0
5071,3891.0
5072,91.0
5073,1.0
5074,1.0
5075,18.0
5076,3.0
5077,3.0
5078,6.0
5079,3.0
5080,14.0
5081,11.0
5082,1.0
5083,20.0
5084,2.0
5085,1.0
5086,1.0
5087,6.0
5088,1.0
5089,4.0
5090,3.0
5091,1.0
5092,1.0
5093,1.0
5094,2.0
5095,5.0
5096,1.0
5097,1.0
5098,2.0
5099,1.0
5100,2.0
5101,1.0
5102,3.0
5103,1.0
5104,3.0
5105,1.0
5106,1.0
5107,1.0
5108,1.0
5109,2.0
5110,1.0
5111,1.0
5112,666.0
5113,3.0
5114,7.0
5115,2.0
5116,1.0
5117,1.0
5118,1.0
5119,6.0
5120,1.0
5121,8114.0
5122,2.0
5123,4.0
5124,1.0
5125,12.0
5126,2.0
5127,1.0
5128,36.0
5129,3.0
5130,9.0
5131,1.0
5132,33.0
5133,2.0
5134,2.0
5135,2.0
5136,1.0
5137,71.0
5138,1.0
5139,1.0
5140,448.0
5141,2.0
5142,2.0
5143,1.0
5144,1.0
5145,2.0
5146,2.0
5147,6.0
5148,1.0
5149,4.0
5150,2.0
5151,305.0
5152,1.0
5153,7.0
5154,2.0
5155,2.0
5156,2.0
5157,1.0
5158,2.0
5159,1.0
5160,2722.0
5161,7235.0
5162,5.0
5163,8.0
5164,3.0
5165,7.0
5166,1.0
5167,2.0
5168,1.0
5169,12987.0
5170,1.0
5171,24.0
5172,1.0
5173,2.0
5174,2.0
5175,3.0
5176,2.0
5177,1.0
5178,2.0
5179,1.0
5180,3.0
5181,1.0
5182,2.0
5183,3.0
5184,583.0
5185,1.0
5186,1.0
5187,1.0
5188,1.0
5189,2.0
5190,1.0
5191,1.0
5192,1.0
5193,1.0
5194,150.0
5195,1.0
5196,4.0
5197,1.0
5198,1.0
5199,1.0
5200,9.0
5201,1.0
5202,23.0
5203,1.0
5204,9.0
5205,15.0
5206,1.0
5207,10.0
5208,1.0
5209,1.0
5210,3.0
5211,1.0
5212,15.0
5213,1.0
5214,69.0
5215,4.0
5216,1.0
5217,1833.0
5218,4.0
5219,7.0
5220,1.0
5221,1.0
5222,1.0
5223,2578.0
5224,25.0
5225,1.0
5226,1.0
5227,3.0
5228,1.0
5229,1.0
5230,16.0
5231,4.0
5232,16.0
5233,802.0
5234,4.0
5235,1.0
5236,21.0
5237,10488.0
5238,1.0
5239,1.0
5240,1.0
5241,1.0
5242,1.0
5243,3.0
5244,2.0
5245,7905.0
5246,4.0
5247,5881.0
5248,1.0
5249,1.0
5250,1.0
5251,1.0
5252,1.0
5253,1.0
5254,2.0
5255,1.0
5256,5.0
5257,1.0
5258,3.0
5259,1.0
5260,2.0
5261,1.0
5262,19.0
5263,15.0
5264,1.0
5265,2.0
5266,1.0
5267,1.0
5268,13.0
5269,7.0
5270,1.0
5271,4.0
5272,1.0
5273,1.0
5274,2.0
5275,3.0
5276,15.0
5277,1.0
5278,1.0
5279,1.0
5280,1.0
5281,5.0
5282,1.0
5283,2.0
5284,2.0
5285,6.0
5286,1.0
5287,1.0
5288,38.0
5289,1.0
5290,8122.0
5291,4249.0
5292,86.0
5293,1.0
5294,16299.0
5295,1.0
5296,1.0
5297,1.0
5298,1.0
5299,1.0
5300,5.0
5301,1.0
5302,2.0
5303,9.0
5304,2.0
5305,1.0
5306,4448.0
5307,3.0
5308,1.0
5309,919.0
5310,4.0
5311,4.0
5312,1.0
5313,2.0
5314,4.0
5315,1.0
5316,1.0
5317,1.0
5318,1.0
5319,2.0
5320,1.0
5321,1.0
5322,2.0
5323,8.0
5324,107.0
5325,3.0
5326,1.0
5327,24.0
5328,1.0
5329,2.0
5330,1.0
5331,19.0
5332,2.0
5333,1.0
5334,1.0
5335,3.0
5336,1.0
5337,2.0
5338,16.0
5339,5061.0
5340,2.0
5341,3.0
5342,3.0
5343,1.0
5344,22.0
5345,1.0
5346,1.0
5347,1.0
5348,5.0
5349,1.0
5350,1.0
5351,2.0
5352,4.0
5353,1.0
5354,1.0
5355,3.0
5356,14.0
5357,3.0
5358,17.0
5359,10294.0
5360,1.0
5361,2.0
5362,2.0
5363,2.0
5364,120.0
5365,14.0
5366,21.0
5367,4.0
5368,1.0
5369,10.0
5370,1.0
5371,1.0
5372,1.0
5373,2.0
5374,5.0
5375,3.0
5376,5.0
5377,493.0
5378,2.0
5379,22.0
5380,9.0
5381,1.0
5382,1.0
5383,1.0
5384,4.0
5385,1.0
5386,5.0
5387,68.0
5388,722.0
5389,442.0
5390,1.0
5391,1.0
5392,1.0
5393,1.0
5394,1.0
5395,7.0
5396,68.0
5397,1.0
5398,1.0
5399,3.0
5400,1.0
5401,1.0
5402,8.0
5403,1.0
5404,4.0
5405,1.0
5406,14.0
5407,1.0
5408,1.0
5409,3.0
5410,5.0
5411,379.0
5412,2.0
5413,1.0
5414,1.0
5415,2.0
5416,1.0
5417,1.0
5418,12.0
5419,9936.0
5420,322.0
5421,1.0
5422,6985.0
5423,1.0
5424,1.0
5425,1.0
5426,2.0
5427,1.0
5428,1.0
5429,13.0
5430,11.0
5431,1.0
5432,1.0
5433,1.0
5434,2.0
5435,1.0
5436,1.0
5437,140.0
5438,3.0
5439,228.0
5440,1.0
5441,1.0
5442,1.0
5443,338.0
5444,1.0
5445,3.0
5446,1.0
5447,22.0
5448,2.0
5449,7.0
5450,9.0
5451,2.0
5452,1.0
5453,50.0
5454,2.0
5455,1.0
5456,3.0
5457,8.0
5458,1.0
5459,4.0
5460,1.0
5461,1.0
5462,5.0
5463,3.0
5464,13.0
5465,7.0
5466,5.0
5467,1.0
5468,9334.0
5469,385.0
5470,1.0
5471,4.0
5472,2.0
5473,4.0
5474,65202.0
5475,1.0
5476,2.0
5477,1.0
5478,1.0
5479,1.0
5480,4.0
5481,4460.0
5482,1.0
5483,4.0
5484,6.0
5485,1.0
5486,7904.0
5487,2.0
5488,1.0
5489,1.0
5490,1.0
5491,1.0
5492,1.0
5493,5881.0
5494,1.0
5495,5.0
5496,1.0
5497,1.0
5498,3.0
5499,10.0
5500,6.0
5501,1.0
5502,1.0
5503,1.0
5504,1.0
5505,10.0
5506,1.0
5507,203.0
5508,1.0
5509,4.0
5510,14923.0
5511,2.0
5512,57.0
5513,1.0
5514,1.0
5515,1.0
5516,50.0
5517,1.0
5518,2.0
5519,3.0
5520,1.0
5521,3105.0
5522,3.0
5523,7.0
5524,3.0
5525,14997.0
5526,2.0
5527,1.0
5528,19.0
5529,4.0
5530,31.0
5531,1.0
5532,3.0
5533,13.0
5534,2.0
5535,10.0
5536,5.0
5537,1.0
5538,23.0
5539,1.0
5540,46.0
5541,2.0
5542,8.0
5543,96.0
5544,5.0
5545,3.0
5546,1.0
5547,41047.0
5548,1.0
5549,4.0
5550,1.0
5551,1.0
5552,1.0
5553,1.0
5554,1.0
5555,92955.0
5556,3.0
5557,2.0
5558,25.0
5559,1.0
5560,11.0
5561,439.0
5562,9.0
5563,20.0
5564,1.0
5565,3.0
5566,1.0
5567,1.0
5568,14.0
5569,4.0
5570,1.0
5571,1.0
5572,1.0
5573,1.0
5574,642.0
5575,4.0
5576,2.0
5577,1.0
5578,4.0
5579,1.0
5580,150.0
5581,5.0
5582,2.0
5583,2.0
5584,10.0
5585,1.0
5586,3.0
5587,1.0
5588,1.0
5589,1.0
5590,4.0
5591,3.0
5592,349.0
5593,4.0
5594,2.0
5595,7.0
5596,1.0
5597,1.0
5598,1.0
5599,1.0
5600,2.0
5601,3.0
5602,3.0
5603,1.0
5604,1.0
5605,15.0
5606,4.0
5607,74849.0
5608,2.0
5609,1.0
5610,1.0
5611,32.0
5612,1.0
5613,1.0
5614,4.0
5615,2.0
5616,1.0
5617,6.0
5618,2.0
5619,1.0
5620,2.0
5621,1.0
5622,1185.0
5623,673.0
5624,1.0
5625,1.0
5626,50.0
5627,1.0
5628,12.0
5629,17.0
5630,1.0
5631,561.0
5632,14.0
5633,5684.0
5634,4.0
5635,1.0
5636,1.0
5637,3.0
5638,3.0
5639,3.0
5640,1.0
5641,673.0
5642,4.0
5643,57.0
5644,1.0
5645,1.0
5646,2.0
5647,1.0
5648,10.0
5649,4.0
5650,1.0
5651,1897.0
5652,13.0
5653,1.0
5654,3.0
5655,1.0
5656,3.0
5657,27.0
5658,1.0
5659,1.0
5660,9.0
5661,9.0
5662,1.0
5663,7.0
5664,4.0
5665,1.0
5666,1.0
5667,17.0
5668,2.0
5669,2.0
5670,2.0
5671,4651.0
5672,3.0
5673,1.0
5674,1.0
5675,1.0
5676,1.0
5677,5.0
5678,1.0
5679,1.0
5680,1.0
5681,7.0
5682,3.0
5683,1.0
5684,6497.0
5685,8.0
5686,114055.0
5687,1.0
5688,1.0
5689,1.0
5690,2.0
5691,4.0
5692,3.0
5693,1.0
5694,2.0
5695,13.0
5696,1.0
5697,21.0
5698,1.0
5699,17.0
5700,1.0
5701,2528.0
5702,1.0
5703,2.0
5704,1.0
5705,2.0
5706,28.0
5707,2.0
5708,1.0
5709,1.0
5710,4.0
5711,2.0
5712,1.0
5713,1.0
5714,1.0
5715,1.0
5716,512.0
5717,1.0
5718,1.0
5719,27.0
5720,2.0
5721,9.0
5722,1.0
5723,2.0
5724,1.0
5725,8.0
5726,2.0
5727,2.0
5728,3.0
5729,1.0
5730,8.0
5731,744.0
5732,5.0
5733,7.0
5734,2.0
5735,3.0
5736,7.0
5737,12.0
5738,18.0
5739,1.0
5740,41.0
5741,2.0
5742,2.0
5743,1.0
5744,1.0
5745,3.0
5746,24.0
5747,1.0
5748,1.0
5749,1.0
5750,123201.0
5751,133.0
5752,2.0
5753,6.0
5754,3.0
5755,1.0
5756,145.0
5757,2.0
5758,6175.0
5759,7904.0
5760,2.0
5761,1.0
5762,1.0
5763,1.0
5764,6.0
5765,6.0
5766,1.0
5767,1.0
5768,1.0
5769,8114.0
5770,2.0
5771,38579.0
5772,494.0
5773,1.0
5774,1.0
5775,2.0
5776,11.0
5777,1.0
5778,5.0
5779,1.0
5780,1.0
5781,1.0
5782,3.0
5783,10.0
5784,13.0
5785,21.0
5786,2.0
5787,1.0
5788,2.0
5789,1.0
5790,1.0
5791,1.0
5792,1.0
5793,23.0
5794,2.0
5795,1.0
5796,3.0
5797,1.0
5798,1.0
5799,3.0
5800,2.0
5801,7.0
5802,1.0
5803,1.0
5804,1.0
5805,1.0
5806,2.0
5807,2.0
5808,3.0
5809,3.0
5810,1.0
5811,1.0
5812,1.0
5813,4.0
5814,2707.0
5815,1.0
5816,130.0
5817,1.0
5818,7.0
5819,2.0
5820,1.0
5821,2.0
5822,1.0
5823,1.0
5824,1.0
5825,1.0
5826,6.0
5827,5.0
5828,50.0
5829,1.0
5830,36.0
5831,2.0
5832,1.0
5833,1.0
5834,3.0
5835,31229.0
5836,5.0
5837,21.0
5838,1.0
5839,5.0
5840,2.0
5841,1.0
5842,2720.0
5843,1.0
5844,11.0
5845,2.0
5846,1.0
5847,4.0
5848,3.0
5849,1.0
5850,23.0
5851,14.0
5852,23.0
5853,1.0
5854,1.0
5855,1.0
5856,1.0
5857,1.0
5858,2.0
5859,7.0
5860,1.0
5861,2.0
5862,1.0
5863,1.0
5864,1.0
5865,1.0
5866,7.0
5867,2.0
5868,1.0
5869,3.0
5870,3.0
5871,1.0
5872,453.0
5873,228.0
5874,1.0
5875,12.0
5876,203.0
5877,3420.0
5878,4.0
5879,1.0
5880,25.0
5881,1.0
5882,3.0
5883,2.0
5884,2.0
5885,1.0
5886,1.0
5887,1.0
5888,15.0
5889,1.0
5890,2020.0
5891,1.0
5892,1.0
5893,1.0
5894,11.0
5895,4.0
5896,4.0
5897,1.0
5898,2.0
5899,1.0
5900,3.0
5901,1.0
5902,322.0
5903,1.0
5904,3.0
5905,21.0
5906,2.0
5907,2.0
5908,30.0
5909,1.0
5910,30.0
5911,2.0
5912,2.0
5913,3.0
5914,2.0
5915,9.0
5916,1.0
5917,1.0
5918,3.0
5919,3.0
5920,1.0
5921,7.0
5922,1.0
5923,3.0
5924,152.0
5925,1.0
5926,2.0
5927,7.0
5928,2.0
5929,249.0
5930,1.0
5931,27.0
5932,1.0
5933,5061.0
5934,5.0
5935,2.0
5936,3.0
5937,80.0
5938,1.0
5939,1.0
5940,1.0
5941,176.0
5942,280.0
5943,1.0
5944,16.0
5945,1.0
5946,3.0
5947,8859.0
5948,21127.0
5949,1.0
5950,6.0
5951,1.0
5952,4.0
5953,6.0
5954,2.0
5955,4.0
5956,2.0
5957,8.0
5958,1.0
5959,2.0
5960,1.0
5961,1.0
5962,3.0
5963,50.0
5964,1.0
5965,2.0
5966,4.0
5967,1.0
5968,6.0
5969,1.0
5970,13.0
5971,2.0
5972,9.0
5973,439.0
5974,2.0
5975,7.0
5976,1.0
5977,3.0
5978,10651.0
5979,23.0
5980,526.0
5981,1.0
5982,1.0
5983,1.0
5984,12.0
5985,3.0
5986,76.0
5987,16.0
5988,2.0
5989,5.0
5990,1.0
5991,10.0
5992,3.0
5993,6.0
5994,1.0
5995,45.0
5996,1.0
5997,1.0
5998,3.0
5999,3.0
6000,4.0
6001,1.0
6002,2.0
6003,1.0
6004,1.0
6005,2.0
6006,10488.0
6007,1.0
6008,20.0
6009,1.0
6010,9.0
6011,7.0
6012,1.0
6013,2.0
6014,1.0
6015,14.0
6016,2.0
6017,1.0
6018,1.0
6019,1.0
6020,1.0
6021,2.0
6022,1.0
6023,13.0
6024,1.0
6025,3.0
6026,1.0
6027,2.0
6028,2.0
6029,1.0
6030,2.0
6031,1.0
6032,1.0
6033,1.0
6034,40.0
6035,1.0
6036,2.0
6037,5.0
6038,385.0
6039,4.0
6040,1.0
6041,2.0
6042,8.0
6043,4.0
6044,1.0
6045,1.0
6046,1.0
6047,9801.0
6048,2.0
6049,175.0
6050,2.0
6051,1.0
6052,3.0
6053,1.0
6054,1.0
6055,1.0
6056,2.0
6057,4.0
6058,1.0
6059,11.0
6060,2.0
6061,3.0
6062,1.0
6063,1.0
6064,1.0
6065,1.0
6066,1.0
6067,1.0
6068,1.0
6069,673.0
6070,159.0
6071,25.0
6072,1.0
6073,1.0
6074,2.0
6075,1.0
6076,2.0
6077,1.0
6078,6.0
6079,1.0
6080,10.0
6081,6.0
6082,2.0
6083,3.0
6084,1.0
6085,273.0
6086,1.0
6087,3.0
6088,1.0
6089,2.0
6090,8.0
6091,2.0
6092,3.0
6093,107.0
6094,1.0
6095,1.0
6096,7.0
6097,1.0
6098,1.0
6099,1.0
6100,59.0
6101,5.0
6102,3.0
6103,1.0
6104,1.0
6105,2.0
6106,1.0
6107,3.0
6108,27.0
6109,1786.0
6110,1.0
6111,2.0
6112,1.0
6113,4.0
6114,1.0
6115,1.0
6116,38.0
6117,578.0
6118,3.0
6119,1.0
6120,1.0
6121,1.0
6122,1.0
6123,1.0
6124,1.0
6125,1.0
6126,1.0
6127,5.0
6128,2.0
6129,2.0
6130,2.0
6131,581.0
6132,2154.0
6133,1.0
6134,7.0
6135,17.0
6136,1.0
6137,1.0
6138,2.0
6139,4.0
6140,1.0
6141,1.0
6142,27.0
6143,2.0
6144,1.0
6145,5.0
6146,1.0
6147,2.0
6148,4.0
6149,1.0
6150,3.0
6151,4.0
6152,1.0
6153,23.0
6154,7904.0
6155,673.0
6156,23.0
6157,1.0
6158,1.0
6159,1.0
6160,2.0
6161,20.0
6162,439.0
6163,56.0
6164,1.0
6165,14.0
6166,1.0
6167,1.0
6168,2.0
6169,3.0
6170,1.0
6171,1.0
6172,2.0
6173,6.0
6174,1176.0
6175,1.0
6176,5.0
6177,2.0
6178,18.0
6179,13.0
6180,1.0
6181,308.0
6182,1.0
6183,2.0
6184,1.0
6185,5.0
6186,1.0
6187,130501.0
6188,1.0
6189,5.0
6190,1.0
6191,1.0
6192,7.0
6193,2.0
6194,3.0
6195,1.0
6196,1.0
6197,4.0
6198,1.0
6199,4.0
6200,2.0
6201,1.0
6202,3.0
6203,74.0
6204,1.0
6205,10.0
6206,2.0
6207,1.0
6208,5.0
6209,3.0
6210,1271.0
6211,2.0
6212,1.0
6213,1.0
6214,1.0
6215,1.0
6216,1.0
6217,157.0
6218,1.0
6219,7.0
6220,120.0
6221,18.0
6222,98.0
6223,1.0
6224,1.0
6225,2.0
6226,1.0
6227,1.0
6228,2.0
6229,1.0
6230,1.0
6231,11.0
6232,1.0
6233,3.0
6234,1.0
6235,4.0
6236,2.0
6237,1.0
6238,2.0
6239,5.0
6240,2.0
6241,3.0
6242,1.0
6243,1.0
6244,175.0
6245,1.0
6246,1.0
6247,6.0
6248,2.0
6249,1.0
6250,1.0
6251,14.0
6252,1.0
6253,5.0
6254,13.0
6255,1.0
6256,6.0
6257,1.0
6258,9.0
6259,1.0
6260,2.0
6261,2.0
6262,6.0
6263,1.0
6264,2.0
6265,1.0
6266,3.0
6267,262.0
6268,3.0
6269,8.0
6270,3.0
6271,4.0
6272,9503.0
6273,1.0
6274,1.0
6275,7.0
6276,1151.0
6277,1.0
6278,1.0
6279,1.0
6280,4.0
6281,2.0
6282,1.0
6283,2.0
6284,1.0
6285,2.0
6286,118185.0
6287,1.0
6288,1.0
6289,1.0
6290,2.0
6291,3.0
6292,2.0
6293,16.0
6294,1.0
6295,7.0
6296,1.0
6297,1.0
6298,1.0
6299,3.0
6300,31.0
6301,1.0
6302,14.0
6303,10.0
6304,1.0
6305,1.0
6306,4.0
6307,1.0
6308,107.0
6309,4.0
6310,2.0
6311,1.0
6312,1.0
6313,3.0
6314,12.0
6315,1.0
6316,1.0
6317,1.0
6318,1.0
6319,1.0
6320,2.0
6321,1.0
6322,23.0
6323,1.0
6324,54363.0
6325,6.0
6326,1.0
6327,1.0
6328,1.0
6329,1.0
6330,2.0
6331,1.0
6332,1.0
6333,1.0
6334,3.0
6335,1.0
6336,2.0
6337,14.0
6338,2.0
6339,1.0
6340,1.0
6341,1.0
6342,21.0
6343,2.0
6344,359.0
6345,5.0
6346,1.0
6347,2.0
6348,2.0
6349,2.0
6350,7.0
6351,1.0
6352,14.0
6353,6.0
6354,3.0
6355,1.0
6356,6.0
6357,1.0
6358,4.0
6359,3.0
6360,2.0
6361,2.0
6362,2.0
6363,2.0
6364,20.0
6365,3.0
6366,2.0
6367,1.0
6368,19306.0
6369,1.0
6370,8.0
6371,1.0
6372,1.0
6373,1.0
6374,1.0
6375,1.0
6376,1.0
6377,4.0
6378,1.0
6379,18.0
6380,2.0
6381,1.0
6382,1.0
6383,1.0
6384,493.0
6385,1.0
6386,11.0
6387,1.0
6388,2.0
6389,1.0
6390,16299.0
6391,3.0
6392,1.0
6393,1.0
6394,1.0
6395,1294.0
6396,1.0
6397,2.0
6398,5949.0
6399,1.0
6400,3.0
6401,3.0
6402,3.0
6403,1.0
6404,9.0
6405,2.0
6406,1.0
6407,6.0
6408,21339.0
6409,11.0
6410,1.0
6411,55.0
6412,1.0
6413,3.0
6414,12.0
6415,3.0
6416,2.0
6417,2.0
6418,2.0
6419,6.0
6420,25.0
6421,1.0
6422,1.0
6423,2.0
6424,2.0
6425,2.0
6426,1.0
6427,1.0
6428,1.0
6429,2.0
6430,37.0
6431,3.0
6432,11.0
6433,3.0
6434,4.0
6435,4336.0
6436,1.0
6437,5.0
6438,2.0
6439,6.0
6440,1.0
6441,1.0
6442,1.0
6443,1.0
6444,10.0
6445,8.0
6446,1.0
6447,1.0
6448,2.0
6449,4.0
6450,2.0
6451,6.0
6452,1.0
6453,2.0
6454,4.0
6455,38.0
6456,4.0
6457,1.0
6458,1.0
6459,1.0
6460,1.0
6461,3.0
6462,1.0
6463,1.0
6464,18.0
6465,1.0
6466,2.0
6467,1.0
6468,3.0
6469,1.0
6470,581.0
6471,1.0
6472,1.0
6473,1.0
6474,1.0
6475,1.0
6476,4.0
6477,5.0
6478,1.0
6479,1.0
6480,7905.0
6481,2.0
6482,1.0
6483,3.0
6484,11298.0
6485,11.0
6486,191.0
6487,1.0
6488,3.0
6489,1.0
6490,1.0
6491,1.0
6492,1.0
6493,1506.0
6494,1.0
6495,1.0
6496,1.0
6497,1.0
6498,4.0
6499,3.0
6500,6.0
6501,5.0
6502,1.0
6503,2.0
6504,3.0
6505,3.0
6506,673.0
6507,25.0
6508,1.0
6509,1.0
6510,1.0
6511,3.0
6512,2.0
6513,27.0
6514,1.0
6515,2797.0
6516,13.0
6517,1.0
6518,2.0
6519,2.0
6520,22.0
6521,1.0
6522,1.0
6523,322.0
6524,10.0
6525,1.0
6526,2.0
6527,5.0
6528,46.0
6529,13.0
6530,3.0
6531,561.0
6532,2.0
6533,2.0
6534,1.0
6535,1.0
6536,8.0
6537,2.0
6538,2.0
6539,2.0
6540,18.0
6541,1.0
6542,5.0
6543,2.0
6544,4.0
6545,2.0
6546,503.0
6547,2.0
6548,2.0
6549,5.0
6550,4.0
6551,9.0
6552,24.0
6553,1.0
6554,726.0
6555,8122.0
6556,2.0
6557,18.0
6558,1.0
6559,5.0
6560,1.0
6561,7.0
6562,1.0
6563,2.0
6564,27.0
6565,40.0
6566,5.0
6567,3.0
6568,2.0
6569,1.0
6570,2.0
6571,1.0
6572,385.0
6573,9936.0
6574,31.0
6575,6.0
6576,5.0
6577,1.0
6578,7041.0
6579,129.0
6580,2.0
6581,1.0
6582,1.0
6583,10.0
6584,26.0
6585,25.0
6586,59.0
6587,1.0
6588,13.0
6589,1.0
6590,7.0
6591,360231.0
6592,4.0
6593,1.0
6594,1.0
6595,1.0
6596,3.0
6597,14.0
6598,1.0
6599,3.0
6600,7.0
6601,3.0
6602,3.0
6603,1.0
6604,1.0
6605,2.0
6606,1.0
6607,3.0
6608,1.0
6609,2.0
6610,2.0
6611,10.0
6612,1.0
6613,11630.0
6614,3218.0
6615,3.0
6616,3218.0
6617,5.0
6618,1.0
6619,1.0
6620,19.0
6621,11.0
6622,32.0
6623,1.0
6624,2.0
6625,1.0
6626,1.0
6627,45707.0
6628,2.0
6629,1.0
6630,1.0
6631,3.0
6632,2.0
6633,1.0
6634,1.0
6635,1.0
6636,3.0
6637,1.0
6638,2.0
6639,1.0
6640,1.0
6641,1.0
6642,2.0
6643,2.0
6644,7904.0
6645,5.0
6646,1.0
6647,162.0
6648,1.0
6649,1.0
6650,12.0
6651,3.0
6652,2.0
6653,2.0
6654,1.0
6655,1.0
6656,1.0
6657,1.0
6658,3.0
6659,1.0
6660,3720.0
6661,1.0
6662,1.0
6663,1.0
6664,1.0
6665,1.0
6666,4651.0
6667,9.0
6668,1.0
6669,1.0
6670,1.0
6671,1.0
6672,1.0
6673,1.0
6674,6.0
6675,2.0
6676,2.0
6677,21127.0
6678,1619.0
6679,4.0
6680,7.0
6681,1.0
6682,3102.0
6683,1.0
6684,19.0
6685,12.0
6686,7041.0
6687,4.0
6688,1.0
6689,1.0
6690,21375.0
6691,4.0
6692,1.0
6693,1.0
6694,7.0
6695,6.0
6696,1.0
6697,3.0
6698,2.0
6699,1.0
6700,4.0
6701,1.0
6702,175.0
6703,1.0
6704,1.0
6705,1.0
6706,18.0
6707,1.0
6708,9.0
6709,1.0
6710,1.0
6711,23.0
6712,2.0
6713,3.0
6714,4835.0
6715,207712.0
6716,1.0
6717,1.0
6718,4.0
6719,6.0
6720,1.0
6721,55.0
6722,1.0
6723,2797.0
6724,1.0
6725,3.0
6726,1.0
6727,2.0
6728,1.0
6729,1.0
6730,1.0
6731,1.0
6732,367.0
6733,1.0
6734,2.0
6735,3.0
6736,1.0
6737,1.0
6738,3.0
6739,14.0
6740,1.0
6741,8.0
6742,1.0
6743,2.0
6744,1.0
6745,3.0
6746,104.0
6747,1.0
6748,14.0
6749,2.0
6750,3.0
6751,2.0
6752,3.0
6753,1.0
6754,31.0
6755,1.0
6756,1.0
6757,7.0
6758,2.0
6759,4454.0
6760,4.0
6761,11.0
6762,1.0
6763,10488.0
6764,6.0
6765,30.0
6766,1.0
6767,2720.0
6768,2.0
6769,3.0
6770,1.0
6771,1.0
6772,1.0
6773,1.0
6774,2.0
6775,8171.0
6776,2.0
6777,4.0
6778,1.0
6779,12.0
6780,1.0
6781,39732.0
6782,1.0
6783,73.0
6784,1.0
6785,1.0
6786,6.0
6787,1.0
6788,1.0
6789,5.0
6790,12.0
6791,2.0
6792,3641.0
6793,2020.0
6794,13.0
6795,1.0
6796,1.0
6797,1.0
6798,38.0
6799,8.0
6800,13038.0
6801,38579.0
6802,1.0
6803,2.0
6804,3.0
6805,2.0
6806,1.0
6807,1.0
6808,18.0
6809,4.0
6810,4.0
6811,1.0
6812,3.0
6813,1.0
6814,1.0
6815,1.0
6816,1.0
6817,3.0
6818,17183.0
6819,1.0
6820,1.0
6821,4.0
6822,1.0
6823,2.0
6824,1.0
6825,1.0
6826,1.0
6827,23.0
6828,6.0
6829,1.0
6830,4.0
6831,217.0
6832,1.0
6833,12.0
6834,55.0
6835,2.0
6836,2.0
6837,1.0
6838,1.0
6839,3.0
6840,1.0
6841,9.0
6842,1.0
6843,1.0
6844,1.0
6845,5.0
6846,3.0
6847,1.0
6848,2.0
6849,1.0
6850,1.0
6851,2.0
6852,1.0
6853,1.0
6854,1.0
6855,6.0
6856,1.0
6857,3.0
6858,1.0
6859,1.0
6860,23.0
6861,2.0
6862,1.0
6863,2.0
6864,1.0
6865,1.0
6866,8.0
6867,1.0
6868,4.0
6869,107.0
6870,439.0
6871,19.0
6872,3.0
6873,1.0
6874,4.0
6875,1.0
6876,1.0
6877,2.0
6878,1.0
6879,2.0
6880,1.0
6881,3.0
6882,2.0
6883,2.0
6884,28.0
6885,1.0
6886,4460.0
6887,1.0
6888,1.0
6889,103.0
6890,1.0
6891,383.0
6892,15.0
6893,6.0
6894,1.0
6895,74.0
6896,1.0
6897,1.0
6898,4.0
6899,1.0
6900,2.0
6901,2.0
6902,28.0
6903,1.0
6904,2.0
6905,3.0
6906,1.0
6907,1.0
6908,322.0
6909,1.0
6910,2.0
6911,5.0
6912,3.0
6913,22.0
6914,6.0
6915,1567.0
6916,3.0
6917,2.0
6918,15.0
6919,32.0
6920,2.0
6921,16.0
6922,1.0
6923,8.0
6924,14.0
6925,2.0
6926,4.0
6927,1.0
6928,1.0
6929,36.0
6930,1.0
6931,1.0
6932,20.0
6933,13.0
6934,1.0
6935,1.0
6936,2.0
6937,1.0
6938,1.0
6939,2.0
6940,1.0
6941,1.0
6942,8.0
6943,1.0
6944,33.0
6945,2.0
6946,1.0
6947,1.0
6948,1.0
6949,2.0
6950,2.0
6951,3.0
6952,1.0
6953,5.0
6954,8.0
6955,1.0
6956,2.0
6957,1.0
6958,23.0
6959,8.0
6960,4.0
6961,2.0
6962,7.0
6963,1.0
6964,1.0
6965,1.0
6966,8.0
6967,1833.0
6968,7.0
6969,1.0
6970,2.0
6971,1.0
6972,1.0
6973,1.0
6974,9.0
6975,1.0
6976,1.0
6977,11.0
6978,4454.0
6979,1.0
6980,1.0
6981,1.0
6982,32.0
6983,1.0
6984,1.0
6985,1.0
6986,1.0
6987,1.0
6988,1.0
6989,13.0
6990,1.0
6991,1.0
6992,5.0
6993,10.0
6994,1.0
6995,1.0
6996,2.0
6997,15.0
6998,1.0
6999,1.0
7000,2.0
7001,1.0
7002,7.0
7003,3.0
7004,1.0
7005,1.0
7006,1.0
7007,1.0
7008,9801.0
7009,7.0
7010,2.0
7011,1.0
7012,49.0
7013,1.0
7014,1.0
7015,3.0
7016,21.0
7017,4.0
7018,10.0
7019,4.0
7020,4.0
7021,5.0
7022,3.0
7023,1.0
7024,1.0
7025,5.0
7026,1907.0
7027,1.0
7028,9.0
7029,561.0
7030,1.0
7031,1.0
7032,115.0
7033,2.0
7034,111.0
7035,1.0
7036,107.0
7037,1.0
7038,16.0
7039,16.0
7040,2.0
7041,13.0
7042,33.0
7043,5.0
7044,51.0
7045,46.0
7046,1.0
7047,21.0
7048,1176.0
7049,1.0
7050,1.0
7051,1.0
7052,13.0
7053,2.0
7054,1.0
7055,1.0
7056,1.0
7057,8942.0
7058,1.0
7059,1.0
7060,2.0
7061,2.0
7062,1.0
7063,4.0
7064,744.0
7065,2.0
7066,583.0
7067,17.0
7068,14.0
7069,1.0
7070,1.0
7071,1.0
7072,2.0
7073,22.0
7074,4.0
7075,47659.0
7076,1.0
7077,1.0
7078,14.0
7079,139662.0
7080,8.0
7081,3.0
7082,10.0
7083,1.0
7084,2.0
7085,2.0
7086,2.0
7087,1.0
7088,4278.0
7089,1.0
7090,2.0
7091,2.0
7092,20.0
7093,1.0
7094,1.0
7095,2.0
7096,8.0
7097,1.0
7098,1.0
7099,1.0
7100,1.0
7101,1.0
7102,1.0
7103,1.0
7104,1.0
7105,1.0
7106,6.0
7107,1.0
7108,11.0
7109,1.0
7110,1.0
7111,1.0
7112,1.0
7113,1.0
7114,2070.0
7115,2.0
7116,2.0
7117,3.0
7118,9596.0
7119,3.0
7120,2.0
7121,2.0
7122,1.0
7123,1.0
7124,6.0
7125,11.0
7126,3.0
7127,1.0
7128,4.0
7129,493.0
7130,1.0
7131,5.0
7132,1.0
7133,167.0
7134,1.0
7135,12.0
7136,1.0
7137,6.0
7138,5.0
7139,3.0
7140,1.0
7141,3641.0
7142,11.0
7143,3.0
7144,1.0
7145,3.0
7146,1.0
7147,6.0
7148,2.0
7149,1.0
7150,1.0
7151,1.0
7152,16.0
7153,5.0
7154,1.0
7155,20.0
7156,1.0
7157,2.0
7158,4.0
7159,1.0
7160,426.0
7161,1.0
7162,1.0
7163,5.0
7164,2.0
7165,4.0
7166,1.0
7167,2.0
7168,1.0
7169,1.0
7170,19.0
7171,1.0
7172,1.0
7173,12.0
7174,26.0
7175,1.0
7176,4.0
7177,1.0
7178,2.0
7179,7.0
7180,1.0
7181,1.0
7182,7.0
7183,1.0
7184,3.0
7185,1.0
7186,1.0
7187,1.0
7188,1.0
7189,41047.0
7190,2.0
7191,3.0
7192,1.0
7193,1.0
7194,1.0
7195,2.0
7196,1.0
7197,1.0
7198,1.0
7199,9.0
7200,6175.0
7201,744.0
7202,64985.0
7203,5.0
7204,1.0
7205,1.0
7206,3.0
7207,1.0
7208,2.0
7209,385.0
7210,1.0
7211,742.0
7212,1.0
7213,11.0
7214,8.0
7215,1.0
7216,2.0
7217,5.0
7218,1.0
7219,1.0
7220,14.0
7221,2.0
7222,2.0
7223,1.0
7224,5.0
7225,2.0
7226,6.0
7227,1.0
7228,2.0
7229,176421.0
7230,2.0
7231,1.0
7232,5.0
7233,1.0
7234,1.0
7235,3.0
7236,1.0
7237,2.0
7238,1.0
7239,1.0
7240,4.0
7241,2.0
7242,2.0
7243,2.0
7244,7.0
7245,1.0
7246,6.0
7247,69.0
7248,2.0
7249,1.0
7250,3.0
7251,3.0
7252,36.0
7253,2.0
7254,24.0
7255,21375.0
7256,2.0
7257,6.0
7258,3.0
7259,15.0
7260,4.0
7261,4.0
7262,1.0
7263,2.0
7264,1.0
7265,24.0
7266,2.0
7267,1.0
7268,2.0
7269,8.0
7270,2.0
7271,4.0
7272,55.0
7273,6.0
7274,2.0
7275,1.0
7276,3.0
7277,1.0
7278,8.0
7279,1.0
7280,3.0
7281,50.0
7282,7.0
7283,1.0
7284,34.0
7285,2.0
7286,1.0
7287,4.0
7288,2.0
7289,1.0
7290,6.0
7291,4.0
7292,1.0
7293,1.0
7294,6.0
7295,38.0
7296,7.0
7297,104.0
7298,1.0
7299,6.0
7300,5.0
7301,1.0
7302,1.0
7303,4.0
7304,1.0
7305,1.0
7306,1.0
7307,1.0
7308,124.0
7309,1.0
7310,4.0
7311,10488.0
7312,1.0
7313,115.0
7314,1.0
7315,1.0
7316,2.0
7317,1.0
7318,3.0
7319,1.0
7320,1.0
7321,338.0
7322,5.0
7323,1.0
7324,3.0
7325,5.0
7326,1.0
7327,1.0
7328,1.0
7329,22.0
7330,7905.0
7331,1.0
7332,385.0
7333,3.0
7334,8.0
7335,561.0
7336,1.0
7337,23.0
7338,2.0
7339,1.0
7340,1.0
7341,1.0
7342,1.0
7343,9.0
7344,12.0
7345,9.0
7346,7904.0
7347,8.0
7348,9.0
7349,10.0
7350,8.0
7351,2.0
7352,6.0
7353,3.0
7354,7.0
7355,3.0
7356,1.0
7357,90.0
7358,7.0
7359,9.0
7360,1.0
7361,1.0
7362,1.0
7363,2.0
7364,1.0
7365,1.0
7366,1.0
7367,1.0
7368,2.0
7369,5.0
7370,1.0
7371,3.0
7372,5.0
7373,6.0
7374,1.0
7375,494.0
7376,9.0
7377,1.0
7378,54.0
7379,2.0
7380,1.0
7381,9.0
7382,7.0
7383,22.0
7384,1.0
7385,673.0
7386,1.0
7387,731.0
7388,2.0
7389,114055.0
7390,6020.0
7391,14.0
7392,4.0
7393,3.0
7394,1.0
7395,2.0
7396,2.0
7397,1.0
7398,4.0
7399,1.0
7400,3.0
7401,1.0
7402,1.0
7403,9.0
7404,1.0
7405,12781.0
7406,1.0
7407,4.0
7408,2.0
7409,160.0
7410,7.0
7411,1.0
7412,1.0
7413,25.0
7414,2.0
7415,2.0
7416,1.0
7417,1.0
7418,4.0
7419,1.0
7420,1.0
7421,2.0
7422,1.0
7423,1.0
7424,5.0
7425,1.0
7426,1.0
7427,1.0
7428,3.0
7429,1.0
7430,1.0
7431,1.0
7432,1.0
7433,1.0
7434,5.0
7435,1.0
7436,18.0
7437,21339.0
7438,3.0
7439,1.0
7440,1.0
7441,1.0
7442,4.0
7443,10.0
7444,55.0
7445,2.0
7446,29.0
7447,3.0
7448,1.0
7449,2.0
7450,24.0
7451,1.0
7452,5.0
7453,3.0
7454,4.0
7455,1.0
7456,1.0
7457,7.0
7458,1.0
7459,50.0
7460,2.0
7461,3.0
7462,15.0
7463,2.0
7464,28.0
7465,3.0
7466,1.0
7467,16.0
7468,2.0
7469,7.0
7470,7.0
7471,4.0
7472,2.0
7473,3.0
7474,1.0
7475,23.0
7476,1.0
7477,1.0
7478,5.0
7479,1.0
7480,2.0
7481,1.0
7482,1.0
7483,2.0
7484,3.0
7485,1.0
7486,1.0
7487,2.0
7488,2.0
7489,1.0
7490,1.0
7491,1.0
7492,1.0
7493,22.0
7494,2.0
7495,1.0
7496,1.0
7497,255.0
7498,1.0
7499,10.0
7500,4.0
7501,1.0
7502,1.0
7503,1.0
7504,4.0
7505,1.0
7506,2.0
7507,3.0
7508,3.0
7509,1.0
7510,2.0
7511,3.0
7512,8.0
7513,21.0
7514,1.0
7515,1.0
7516,57.0
7517,5.0
7518,98.0
7519,12.0
7520,50.0
7521,1.0
7522,2.0
7523,34.0
7524,4.0
7525,5.0
7526,5.0
7527,1.0
7528,14.0
7529,1.0
7530,2.0
7531,1.0
7532,12.0
7533,1.0
7534,5.0
7535,1.0
7536,2.0
7537,5.0
7538,42088.0
7539,1.0
7540,138.0
7541,1.0
7542,1.0
7543,1.0
7544,2.0
7545,2.0
7546,1.0
7547,1.0
7548,1.0
7549,1.0
7550,3.0
7551,3.0
7552,1.0
7553,2.0
7554,1.0
7555,1.0
7556,3.0
7557,1.0
7558,5.0
7559,30.0
7560,1.0
7561,1.0
7562,1.0
7563,1.0
7564,9.0
7565,2.0
7566,583.0
7567,1.0
7568,11.0
7569,1.0
7570,1.0
7571,1.0
7572,3.0
7573,1.0
7574,29.0
7575,1.0
7576,2.0
7577,1.0
7578,919.0
7579,4.0
7580,1.0
7581,1.0
7582,3.0
7583,33.0
7584,37.0
7585,9.0
7586,14.0
7587,1.0
7588,1.0
7589,6.0
7590,785.0
7591,4.0
7592,1.0
7593,1.0
7594,1.0
7595,1.0
7596,7.0
7597,2.0
7598,2.0
7599,31.0
7600,1.0
7601,6.0
7602,18.0
7603,4.0
7604,1.0
7605,1.0
7606,3.0
7607,1.0
7608,4.0
7609,17.0
7610,4.0
7611,648908.0
7612,3.0
7613,1.0
7614,2.0
7615,8.0
7616,2.0
7617,6.0
7618,9.0
7619,2.0
7620,3.0
7621,2.0
7622,385.0
7623,2.0
7624,6894.0
7625,512.0
7626,1.0
7627,3.0
7628,1.0
7629,25.0
7630,7904.0
7631,1.0
7632,3.0
7633,1.0
7634,1.0
7635,2.0
7636,1.0
7637,365.0
7638,9.0
7639,3.0
7640,1.0
7641,1.0
7642,1.0
7643,1.0
7644,1.0
7645,367.0
7646,1.0
7647,7.0
7648,51.0
7649,2.0
7650,1.0
7651,1.0
7652,107.0
7653,2.0
7654,4.0
7655,17.0
7656,4.0
7657,3.0
7658,1.0
7659,1.0
7660,1.0
7661,4.0
7662,1.0
7663,4.0
7664,59.0
7665,2.0
7666,36.0
7667,6167.0
7668,6020.0
7669,4.0
7670,1.0
7671,1.0
7672,31229.0
7673,31.0
7674,1.0
7675,4.0
7676,2.0
7677,6.0
7678,31.0
7679,9.0
7680,2.0
7681,1.0
7682,1.0
7683,135.0
7684,1.0
7685,1.0
7686,7.0
7687,2.0
7688,40.0
7689,13.0
7690,1.0
7691,2.0
7692,231.0
7693,3.0
7694,1.0
7695,8.0
7696,12.0
7697,1.0
7698,2.0
7699,1.0
7700,12.0
7701,3.0
7702,2.0
7703,6.0
7704,308.0
7705,2.0
7706,1.0
7707,1.0
7708,2.0
7709,2.0
7710,4.0
7711,1.0
7712,3.0
7713,1.0
7714,1.0
7715,2.0
7716,1.0
7717,10.0
7718,2.0
7719,78.0
7720,14.0
7721,1.0
7722,6465.0
7723,1.0
7724,1.0
7725,1.0
7726,2.0
7727,11.0
7728,3.0
7729,25.0
7730,5.0
7731,1.0
7732,18.0
7733,9.0
7734,2.0
7735,5.0
7736,1.0
7737,4.0
7738,2.0
7739,1.0
7740,22.0
7741,2.0
7742,12.0
7743,1.0
7744,2.0
7745,9334.0
7746,1.0
7747,1.0
7748,1.0
7749,2909.0
7750,3.0
7751,1.0
7752,4.0
7753,8.0
7754,4.0
7755,2.0
7756,12.0
7757,3.0
7758,1.0
7759,1.0
7760,1.0
7761,7.0
7762,1.0
7763,68.0
7764,46.0
7765,2.0
7766,2.0
7767,3.0
7768,2.0
7769,3.0
7770,31.0
7771,8.0
7772,1.0
7773,2.0
7774,1.0
7775,1.0
7776,1.0
7777,1.0
7778,3.0
7779,4.0
7780,1.0
7781,1.0
7782,20.0
7783,3.0
7784,4.0
7785,1.0
7786,4.0
7787,1.0
7788,3.0
7789,4.0
7790,1.0
7791,14.0
7792,3.0
7793,1.0
7794,24.0
7795,18.0
7796,1.0
7797,2.0
7798,1.0
7799,12.0
7800,5.0
7801,58.0
7802,31.0
7803,9478.0
7804,1.0
7805,3.0
7806,54363.0
7807,9.0
7808,1.0
7809,1.0
7810,1.0
7811,1.0
7812,1.0
7813,4.0
7814,25.0
7815,1.0
7816,1.0
7817,1.0
7818,1.0
7819,2.0
7820,1.0
7821,1.0
7822,2.0
7823,9318.0
7824,1.0
7825,7904.0
7826,2.0
7827,1.0
7828,1.0
7829,64.0
7830,15.0
7831,2.0
7832,1271.0
7833,1.0
7834,2.0
7835,124.0
7836,32.0
7837,3.0
7838,6985.0
7839,7.0
7840,1.0
7841,1.0
7842,1.0
7843,5247.0
7844,1.0
7845,1.0
7846,1.0
7847,2.0
7848,1.0
7849,481.0
7850,2.0
7851,4.0
7852,1.0
7853,10.0
7854,4.0
7855,139.0
7856,8.0
7857,1.0
7858,4.0
7859,2.0
7860,1.0
7861,1.0
7862,7.0
7863,2.0
7864,1.0
7865,1.0
7866,1.0
7867,13.0
7868,1.0
7869,1.0
7870,2.0
7871,1.0
7872,21.0
7873,1.0
7874,4.0
7875,36.0
7876,2.0
7877,3.0
7878,1.0
7879,1.0
7880,4.0
7881,2.0
7882,1.0
7883,2.0
7884,1.0
7885,2.0
7886,3.0
7887,3.0
7888,1.0
7889,18.0
7890,1.0
7891,5.0
7892,200.0
7893,12.0
7894,7.0
7895,4.0
7896,17.0
7897,1.0
7898,1.0
7899,2.0
7900,1.0
7901,23.0
7902,1.0
7903,3.0
7904,441.0
7905,1.0
7906,3.0
7907,14.0
7908,87.0
7909,30.0
7910,1.0
7911,1.0
7912,3.0
7913,6.0
7914,4.0
7915,1.0
7916,107.0
7917,1.0
7918,2.0
7919,1.0
7920,9.0
7921,1.0
7922,7.0
7923,1.0
7924,14.0
7925,1.0
7926,13549.0
7927,1.0
7928,7905.0
7929,2.0
7930,1531.0
7931,10.0
7932,1.0
7933,1.0
7934,1.0
7935,1.0
7936,2.0
7937,3.0
7938,1.0
7939,1.0
7940,2.0
7941,1.0
7942,6.0
7943,25.0
7944,4011.0
7945,2.0
7946,1.0
7947,3505.0
7948,2.0
7949,2.0
7950,10832.0
7951,4.0
7952,1.0
7953,1.0
7954,1.0
7955,1.0
7956,4.0
7957,1.0
7958,2.0
7959,122.0
7960,1540.0
7961,1.0
7962,7309.0
7963,2.0
7964,921.0
7965,3.0
7966,4.0
7967,10.0
7968,4.0
7969,23.0
7970,1.0
7971,1.0
7972,3940.0
7973,1.0
7974,5.0
7975,1.0
7976,1.0
7977,1.0
7978,2.0
7979,7.0
7980,3.0
7981,1.0
7982,4.0
7983,1.0
7984,1.0
7985,2.0
7986,5.0
7987,5.0
7988,1.0
7989,14.0
7990,1.0
7991,1.0
7992,33.0
7993,1.0
7994,1.0
7995,1.0
7996,2.0
7997,439.0
7998,1.0
7999,1.0
8000,1.0
8001,17.0
8002,1.0
8003,18.0
8004,7.0
8005,1.0
8006,2.0
8007,2.0
8008,1.0
8009,6.0
8010,2.0
8011,28.0
8012,2.0
8013,6.0
8014,2.0
8015,3.0
8016,1.0
8017,84.0
8018,1.0
8019,1.0
8020,4.0
8021,27.0
8022,38579.0
8023,1.0
8024,2.0
8025,1.0
8026,92955.0
8027,453.0
8028,2.0
8029,7905.0
8030,5.0
8031,2.0
8032,9.0
8033,29.0
8034,7905.0
8035,10.0
8036,6.0
8037,16.0
8038,3.0
8039,226.0
8040,8171.0
8041,2.0
8042,1.0
8043,24.0
8044,365.0
8045,2.0
8046,7.0
8047,22.0
8048,1.0
8049,3.0
8050,2.0
8051,14.0
8052,1786.0
8053,2.0
8054,13.0
8055,2.0
8056,75.0
8057,2.0
8058,8122.0
8059,11.0
8060,1.0
8061,1.0
8062,2.0
8063,2.0
8064,3.0
8065,1.0
8066,1.0
8067,6.0
8068,1.0
8069,1.0
8070,1.0
8071,200.0
8072,1.0
8073,1.0
8074,5.0
8075,276.0
8076,18.0
8077,2.0
8078,1.0
8079,1.0
8080,4.0
8081,1.0
8082,20.0
8083,3102.0
8084,4.0
8085,1.0
8086,1.0
8087,1.0
8088,6.0
8089,1.0
8090,1.0
8091,14.0
8092,2722.0
8093,2.0
8094,2.0
8095,7.0
8096,1.0
8097,4454.0
8098,5.0
8099,13038.0
8100,1.0
8101,1.0
8102,46.0
8103,1.0
8104,1.0
8105,1.0
8106,7.0
8107,430.0
8108,3.0
8109,2.0
8110,125.0
8111,2.0
8112,1.0
8113,1.0
8114,1.0
8115,1.0
8116,2.0
8117,1.0
8118,2.0
8119,1.0
8120,1.0
8121,4.0
8122,1.0
8123,1.0
8124,2.0
8125,2.0
8126,1.0
8127,1.0
8128,3.0
8129,1.0
8130,2.0
8131,1.0
8132,1.0
8133,4.0
8134,1.0
8135,3.0
8136,1.0
8137,7.0
8138,1.0
8139,921.0
8140,195.0
8141,1.0
8142,18.0
8143,1.0
8144,2.0
8145,1.0
8146,4.0
8147,1.0
8148,1.0
8149,8.0
8150,3.0
8151,2.0
8152,8.0
8153,3.0
8154,1.0
8155,2.0
8156,1.0
8157,2.0
8158,2.0
8159,1.0
8160,38.0
8161,5.0
8162,4005.0
8163,1.0
8164,25.0
8165,2.0
8166,2.0
8167,14.0
8168,5.0
8169,6.0
8170,1.0
8171,16.0
8172,322.0
8173,1.0
8174,27.0
8175,54.0
8176,1.0
8177,1.0
8178,194.0
8179,13038.0
8180,1.0
8181,69.0
8182,3.0
8183,3.0
8184,5.0
8185,1.0
8186,2.0
8187,2.0
8188,1.0
8189,385.0
8190,87335.0
8191,3.0
8192,26.0
8193,1.0
8194,4.0
8195,1.0
8196,5.0
8197,1.0
8198,1.0
8199,2.0
8200,6985.0
8201,2.0
8202,1.0
8203,1.0
8204,1.0
8205,8.0
8206,1.0
8207,1.0
8208,4.0
8209,1.0
8210,1.0
8211,1.0
8212,8.0
8213,8.0
8214,2.0
8215,1.0
8216,2.0
8217,45.0
8218,3.0
8219,1.0
8220,1.0
8221,3.0
8222,1.0
8223,17875.0
8224,1.0
8225,1.0
8226,2.0
8227,2.0
8228,3.0
8229,1.0
8230,14.0
8231,3.0
8232,1.0
8233,1.0
8234,18.0
8235,1.0
8236,5408.0
8237,7.0
8238,1.0
8239,1.0
8240,1.0
8241,10.0
8242,8.0
8243,26.0
8244,2.0
8245,1.0
8246,3.0
8247,6.0
8248,8.0
8249,4.0
8250,921.0
8251,1.0
8252,1.0
8253,2.0
8254,3.0
8255,167.0
8256,1.0
8257,1.0
8258,1.0
8259,1.0
8260,1.0
8261,2.0
8262,36.0
8263,11.0
8264,673.0
8265,1.0
8266,12.0
8267,31.0
8268,1.0
8269,194.0
8270,1.0
8271,6.0
8272,1.0
8273,7.0
8274,2.0
8275,6.0
8276,1.0
8277,69.0
8278,1.0
8279,1.0
8280,1195.0
8281,1.0
8282,1.0
8283,2.0
8284,3296.0
8285,1.0
8286,1.0
8287,1.0
8288,1.0
8289,2.0
8290,1.0
8291,2.0
8292,1.0
8293,77.0
8294,1.0
8295,2.0
8296,2.0
8297,1.0
8298,1.0
8299,2.0
8300,3.0
8301,2.0
8302,1.0
8303,335.0
8304,2.0
8305,1.0
8306,1.0
8307,1.0
8308,18.0
8309,1.0
8310,3.0
8311,1.0
8312,1.0
8313,5408.0
8314,1.0
8315,1674.0
8316,1.0
8317,1.0
8318,1.0
8319,9.0
8320,1.0
8321,1.0
8322,3.0
8323,939.0
8324,1.0
8325,1.0
8326,3.0
8327,1.0
8328,5.0
8329,1.0
8330,1.0
8331,1.0
8332,1.0
8333,4.0
8334,1.0
8335,1.0
8336,2.0
8337,1.0
8338,2.0
8339,8.0
8340,1.0
8341,3.0
8342,1.0
8343,1681.0
8344,6509.0
8345,1.0
8346,14.0
8347,23.0
8348,1.0
8349,36.0
8350,1.0
8351,1.0
8352,10.0
8353,5.0
8354,1.0
8355,3.0
8356,1.0
8357,25.0
8358,2.0
8359,2.0
8360,1.0
8361,3.0
8362,1.0
8363,5.0
8364,1.0
8365,1907.0
8366,1.0
8367,3.0
8368,2797.0
8369,1.0
8370,7.0
8371,3.0
8372,2.0
8373,4.0
8374,1.0
8375,3.0
8376,1.0
8377,11.0
8378,1.0
8379,26.0
8380,1.0
8381,1.0
8382,1.0
8383,3.0
8384,1.0
8385,4.0
8386,2.0
8387,1.0
8388,1.0
8389,1.0
8390,1.0
8391,2.0
8392,5.0
8393,1.0
8394,2.0
8395,3.0
8396,1.0
8397,1.0
8398,1.0
8399,2.0
8400,27.0
8401,2.0
8402,2.0
8403,11.0
8404,1.0
8405,1.0
8406,1907.0
8407,1.0
8408,1.0
8409,2.0
8410,10.0
8411,48.0
8412,1.0
8413,1.0
8414,1.0
8415,13.0
8416,2.0
8417,1.0
8418,9.0
8419,2.0
8420,1.0
8421,1.0
8422,4.0
8423,3.0
8424,2.0
8425,1.0
8426,25.0
8427,2268.0
8428,1833.0
8429,7.0
8430,2.0
8431,1.0
8432,12.0
8433,4.0
8434,1.0
8435,6.0
8436,1.0
8437,4.0
8438,1.0
8439,1.0
8440,1.0
8441,1.0
8442,7.0
8443,1.0
8444,1.0
8445,1.0
8446,6.0
8447,5.0
8448,1.0
8449,1.0
8450,1.0
8451,1.0
8452,9.0
8453,22.0
8454,5.0
8455,5247.0
8456,6.0
8457,2.0
8458,1.0
8459,10.0
8460,17.0
8461,1.0
8462,1.0
8463,67985.0
8464,2.0
8465,15.0
8466,5.0
8467,4.0
8468,1.0
8469,2.0
8470,1.0
8471,6.0
8472,1.0
8473,3.0
8474,1.0
8475,4.0
8476,3.0
8477,1.0
8478,1.0
8479,1.0
8480,2.0
8481,1.0
8482,1.0
8483,1.0
8484,33.0
8485,1.0
8486,2.0
8487,1.0
8488,1.0
8489,5.0
8490,17.0
8491,6.0
8492,1.0
8493,1.0
8494,832.0
8495,251.0
8496,4.0
8497,4.0
8498,1.0
8499,1.0
8500,3.0
8501,3.0
8502,2.0
8503,2.0
8504,7.0
8505,29.0
8506,1.0
8507,1.0
8508,1.0
8509,1.0
8510,1.0
8511,3720.0
8512,3.0
8513,1.0
8514,4.0
8515,8.0
8516,3.0
8517,1.0
8518,1.0
8519,4.0
8520,1.0
8521,1.0
8522,1.0
8523,3.0
8524,5.0
8525,2.0
8526,1.0
8527,503.0
8528,1.0
8529,7.0
8530,1.0
8531,4.0
8532,1.0
8533,3.0
8534,2.0
8535,1.0
8536,1.0
8537,2.0
8538,1.0
8539,6.0
8540,2.0
8541,6.0
8542,1.0
8543,2.0
8544,1.0
8545,1.0
8546,3.0
8547,3.0
8548,17.0
